<?xml version="1.0"?>
<doc>
    <assembly>
        <name>0SuperComicLib.Core</name>
    </assembly>
    <members>
        <member name="T:SuperComicLib.BitMath">
            <summary>
            SoftwareFallback bit operations
            </summary>
        </member>
        <member name="M:SuperComicLib.BitMath.SetUnderbits(System.UInt32)">
            <summary>
            0b0001_0100 -> 0b0001_1111
            </summary>
        </member>
        <member name="M:SuperComicLib.BitMath.SetUnderbits64(System.UInt64)">
            <summary>
            0b0001_0100 -> 0b0001_1111
            </summary>
        </member>
        <member name="M:SuperComicLib.BitMath.MSB(System.Int32)">
            <summary>
            Most Significant Bit (최상위 비트)
            </summary>
        </member>
        <member name="M:SuperComicLib.BitMath.MSB(System.UInt32)">
            <summary>
            Most Significant Bit (최상위 비트)
            </summary>
        </member>
        <member name="M:SuperComicLib.BitMath.MSB64(System.Int64)">
            <summary>
            Most Significant Bit (최상위 비트)
            </summary>
        </member>
        <member name="M:SuperComicLib.BitMath.MSB64(System.UInt64)">
            <summary>
            Most Significant Bit (최상위 비트)
            </summary>
        </member>
        <member name="M:SuperComicLib.BitMath.LSB(System.UInt32)">
            <summary>
            Least Significant Bit (최하위 비트)
            </summary>
        </member>
        <member name="M:SuperComicLib.BitMath.LSB(System.Int32)">
            <summary>
            Least Significant Bit (최하위 비트)
            </summary>
        </member>
        <member name="M:SuperComicLib.BitMath.LSB64(System.UInt64)">
            <summary>
            Least Significant Bit (최하위 비트)
            </summary>
        </member>
        <member name="M:SuperComicLib.BitMath.LSB64(System.Int64)">
            <summary>
            Least Significant Bit (최하위 비트)
            </summary>
        </member>
        <member name="M:SuperComicLib.BitMath.Popcnt(System.Int32)">
            <summary>
            <see href="https://learn.microsoft.com/cpp/intrinsics/popcnt16-popcnt-popcnt64"/>
            </summary>
        </member>
        <member name="M:SuperComicLib.BitMath.Popcnt(System.UInt32)">
            <summary>
            <see href="https://learn.microsoft.com/cpp/intrinsics/popcnt16-popcnt-popcnt64"/>
            </summary>
        </member>
        <member name="M:SuperComicLib.BitMath.Popcnt64(System.Int64)">
            <summary>
            <see href="https://learn.microsoft.com/cpp/intrinsics/popcnt16-popcnt-popcnt64"/>
            </summary>
        </member>
        <member name="M:SuperComicLib.BitMath.Popcnt64(System.UInt64)">
            <summary>
            <see href="https://learn.microsoft.com/cpp/intrinsics/popcnt16-popcnt-popcnt64"/>
            </summary>
        </member>
        <member name="M:SuperComicLib.BitMath.FFS(System.Int32)">
            <summary>
            Find First Set, 최하위 비트 index
            </summary>
        </member>
        <member name="M:SuperComicLib.BitMath.FFS(System.UInt32)">
            <summary>
            Find First Set, 최하위 비트 index
            </summary>
        </member>
        <member name="M:SuperComicLib.BitMath.FFS64(System.Int64)">
            <summary>
            Find First Set, 최하위 비트 index
            </summary>
        </member>
        <member name="M:SuperComicLib.BitMath.FFS64(System.UInt64)">
            <summary>
            Find First Set, 최하위 비트 index
            </summary>
        </member>
        <member name="M:SuperComicLib.BitMath.FLS(System.Int32)">
            <summary>
            Find Last Set, 최상위 비트 position (index + 1)
            </summary>
        </member>
        <member name="M:SuperComicLib.BitMath.FLS(System.UInt32)">
            <summary>
            Find Last Set, 최상위 비트 position (index + 1)
            </summary>
        </member>
        <member name="M:SuperComicLib.BitMath.FLS64(System.Int64)">
            <summary>
            Find Last Set, 최상위 비트 position (index + 1)
            </summary>
        </member>
        <member name="M:SuperComicLib.BitMath.FLS64(System.UInt64)">
            <summary>
            Find Last Set, 최상위 비트 position (index + 1)
            </summary>
        </member>
        <member name="M:SuperComicLib.BitMath.FFZ(System.Int32)">
            <summary>
            Find First Zero
            </summary>
            <returns>If all bits are set, the result is undefined; otherwise, it is the index of the lowest zero bit first found.</returns>
        </member>
        <member name="M:SuperComicLib.BitMath.FFZ(System.UInt32)">
            <summary>
            Find First Zero
            </summary>
            <returns>If all bits are set, the result is undefined; otherwise, it is the index of the lowest zero bit first found.</returns>
        </member>
        <member name="M:SuperComicLib.BitMath.FFZ64(System.Int64)">
            <summary>
            Find First Zero
            </summary>
            <returns>If all bits are set, the result is undefined; otherwise, it is the index of the lowest zero bit first found.</returns>
        </member>
        <member name="M:SuperComicLib.BitMath.FFZ64(System.UInt64)">
            <summary>
            Find First Zero
            </summary>
            <returns>If all bits are set, the result is undefined; otherwise, it is the index of the lowest zero bit first found.</returns>
        </member>
        <member name="M:SuperComicLib.BitMath.BroadcastToUint32(System.Byte)">
            <summary>
            Broadcasts an <see langword="byte"/> value to an <see langword="uint"/>.
            </summary>
            <remarks>
            Takes an 8-bit <see langword="byte"/> value and duplicates it into each 8-bit segment of a 32-bit <see langword="uint"/>.<br/>
            The resulting 32-bit number consists of the original 8-bit value repeated 4-times.
            </remarks>
        </member>
        <member name="M:SuperComicLib.BitMath.BroadcastToUint32(System.UInt16)">
            <summary>
            Broadcasts an <see langword="ushort"/> value to an <see langword="uint"/>.
            </summary>
            <remarks>
            Takes an 16-bit <see langword="ushort"/> value and duplicates it into each 16-bit segment of a 32-bit <see langword="uint"/>.<br/>
            The resulting 32-bit number consists of the original 16-bit value repeated 2-times.
            </remarks>
        </member>
        <member name="M:SuperComicLib.BitMath.BroadcastToUint64(System.Byte)">
            <summary>
            Broadcasts an <see langword="byte"/> value to an <see langword="ulong"/>.
            </summary>
            <remarks>
            Takes an 8-bit <see langword="byte"/> value and duplicates it into each 8-bit segment of a 64-bit <see langword="ulong"/>.<br/>
            The resulting 64-bit number consists of the original 8-bit value repeated 8-times. 
            </remarks>
        </member>
        <member name="M:SuperComicLib.BitMath.BroadcastToUint64(System.UInt16)">
            <summary>
            Broadcasts an <see langword="ushort"/> value to an <see langword="ulong"/>.
            </summary>
            <remarks>
            Takes an 16-bit <see langword="ushort"/> value and duplicates it into each 16-bit segment of a 64-bit <see langword="ulong"/>.<br/>
            The resulting 64-bit number consists of the original 16-bit value repeated 4-times. 
            </remarks>
        </member>
        <member name="M:SuperComicLib.BitMath.BroadcastToUint64(System.UInt32)">
            <summary>
            Broadcasts an <see langword="uint"/> value to an <see langword="ulong"/>.
            </summary>
            <remarks>
            Takes an 32-bit <see langword="uint"/> value and duplicates it into each 32-bit segment of a 64-bit <see langword="ulong"/>.<br/>
            The resulting 64-bit number consists of the original 32-bit value repeated 2-times. 
            </remarks>
        </member>
        <member name="T:SuperComicLib.CMath">
            <summary>
            If-less logical math operations
            </summary>
        </member>
        <member name="M:SuperComicLib.CMath.Min(System.Int32,System.Int32)">
            <summary>
            <see cref="M:System.Math.Min(System.Int32,System.Int32)"/>
            </summary>
        </member>
        <member name="M:SuperComicLib.CMath.Max(System.Int32,System.Int32)">
            <summary>
            <see cref="M:System.Math.Max(System.Int32,System.Int32)"/>
            </summary>
        </member>
        <member name="M:SuperComicLib.CMath.Clampi(System.Int32,System.Int32,System.Int32)">
            <summary>
            <see href="https://learn.microsoft.com/dotnet/api/system.math.clamp"/>
            </summary>
        </member>
        <member name="M:SuperComicLib.CMath.IsRngIn(System.Int32,System.Int32,System.Int32)">
            <summary>
            <paramref name="num"/> 값이 <paramref name="min"/>(포함) 부터 <paramref name="max"/>(포함) 사이에 있는지 여부
            </summary>
        </member>
        <member name="M:SuperComicLib.CMath.Pos1(System.Int32)">
            <summary>
            양수부분만 남도록 강제로 자릅니다
            </summary>
        </member>
        <member name="M:SuperComicLib.CMath.Neg1(System.Int32)">
            <summary>
            강제로 음수로 설정합니다.
            </summary>
        </member>
        <member name="M:SuperComicLib.CMath.Abs(System.Int32)">
            <summary>
            <see cref="M:System.Math.Abs(System.Int32)"/>
            </summary>
        </member>
        <member name="M:SuperComicLib.CMath.Normal(System.Int32)">
            <summary>
            값을 -1, 0, 1로 노멀라이즈<para/>
            이 함수는 if를 사용하는 방법보다 최대 130.24%p, 평균 71.5485%p 더 빠름: <see href="https://blog.naver.com/ekfvoddl3535/222607247076">ref. blog</see>
            </summary>
        </member>
        <member name="M:SuperComicLib.CMath.Normal_11(System.Int32)">
            <summary>
            value to -1 or 1
            </summary>
        </member>
        <member name="M:SuperComicLib.CMath.Normal_01(System.Int32)">
            <summary>
            value to 0 or 1
            </summary>
        </member>
        <member name="M:SuperComicLib.CMath.Flip_s(System.Int32,System.Int32,System.Int32)">
            <summary>
            <paramref name="value"/>를 <paramref name="state"/>이 1일 때, <paramref name="max_include"/>를 최대값으로 하여 뒤집습니다.<para/>
            이 함수는 if를 사용하는 방법보다 평균 16%p 더 빠름: <see href="https://blog.naver.com/ekfvoddl3535/222629296802">ref. blog</see>
            </summary>
        </member>
        <member name="M:SuperComicLib.CMath.Flip_s(System.Int32,System.Int32,System.Int32,System.Int32)">
            <summary>
            <paramref name="value"/>를 <paramref name="state"/>이 1일 때, <paramref name="max_include"/>를 최대값으로 <paramref name="min_include"/>을 최소값으로 하여 뒤집습니다.<para/>
            이 함수는 if를 사용하는 방법보다 평균 16%p 더 빠름: <see href="https://blog.naver.com/ekfvoddl3535/222629296802">ref. blog</see>
            </summary>
        </member>
        <member name="M:SuperComicLib.CMath.CXOR(System.Int32,System.Int32,System.Int32,System.Int32)">
            <summary>
            Cross ExclusiveOR<para/>
            (<paramref name="La0"/> ^ <paramref name="Ra0"/>) |
            (<paramref name="La1"/> ^ <paramref name="Ra1"/>)
            </summary>
        </member>
        <member name="M:SuperComicLib.CMath.Rem(System.Int32,System.Int32)">
            <summary>
            모듈러 연산을 수행하는데, 모듈러 연산 없이 기본 산술 및 비트 연산만을 사용해 수행합니다.<para/>
            <paramref name="value"/>must be equal to or smaller than <paramref name="divisor"/>
            </summary>
        </member>
        <member name="M:SuperComicLib.CMath.Min(System.UInt32,System.UInt32)">
            <summary>
            <see cref="M:System.Math.Min(System.UInt32,System.UInt32)"/>
            </summary>
        </member>
        <member name="M:SuperComicLib.CMath.Max(System.UInt32,System.UInt32)">
            <summary>
            <see cref="M:System.Math.Max(System.UInt32,System.UInt32)"/>
            </summary>
        </member>
        <member name="M:SuperComicLib.CMath.Normal(System.UInt32)">
            <summary>
            값을 0 또는 1로 노멀라이즈.<para/>
            이 함수는 if를 사용하는 방법보다 더 빠름: <see href="https://blog.naver.com/ekfvoddl3535/222607247076">ref. blog</see>
            </summary>
        </member>
        <member name="M:SuperComicLib.CMath.Clampu(System.UInt32,System.UInt32,System.UInt32)">
            <summary>
            <see href="https://learn.microsoft.com/dotnet/api/system.math.clamp"/>
            </summary>
        </member>
        <member name="M:SuperComicLib.CMath.CXOR(System.UInt32,System.UInt32,System.UInt32,System.UInt32)">
            <summary>
            Cross ExclusiveOR<para/>
            (<paramref name="La0"/> ^ <paramref name="Ra0"/>) |
            (<paramref name="La1"/> ^ <paramref name="Ra1"/>)
            </summary>
        </member>
        <member name="M:SuperComicLib.CMath.Rem(System.UInt32,System.UInt32)">
            <summary>
            모듈러 연산을 수행하는데, 모듈러 연산 없이 기본 산술 및 비트 연산만을 사용해 수행합니다.<para/>
            <paramref name="value"/> must be equal to or smaller than <paramref name="divisor"/>
            </summary>
        </member>
        <member name="M:SuperComicLib.CMath.Min(System.Int64,System.Int64)">
            <summary>
            <see cref="M:System.Math.Min(System.Int64,System.Int64)"/>
            </summary>
        </member>
        <member name="M:SuperComicLib.CMath.Max(System.Int64,System.Int64)">
            <summary>
            <see cref="M:System.Math.Max(System.Int64,System.Int64)"/>
            </summary>
        </member>
        <member name="M:SuperComicLib.CMath.Clampi(System.Int64,System.Int64,System.Int64)">
            <summary>
            <see href="https://learn.microsoft.com/dotnet/api/system.math.clamp"/>
            </summary>
        </member>
        <member name="M:SuperComicLib.CMath.Abs(System.Int64)">
            <summary>
            <see cref="M:System.Math.Abs(System.Int32)"/>
            </summary>
        </member>
        <member name="M:SuperComicLib.CMath.Normal(System.Int64)">
            <summary>
            값을 -1, 0, 1로 노멀라이즈<para/>
            이 함수는 if를 사용하는 방법보다 최대 130.24%p, 평균 71.5485%p 더 빠름: <see href="https://blog.naver.com/ekfvoddl3535/222607247076">ref. blog</see>
            </summary>
        </member>
        <member name="M:SuperComicLib.CMath.Normal_11(System.Int64)">
            <summary>
            value to -1 or 1
            </summary>
        </member>
        <member name="M:SuperComicLib.CMath.CXOR(System.Int64,System.Int64,System.Int64,System.Int64)">
            <summary>
            Cross ExclusiveOR<para/>
            (<paramref name="La0"/> ^ <paramref name="Ra0"/>) |
            (<paramref name="La1"/> ^ <paramref name="Ra1"/>)
            </summary>
        </member>
        <member name="M:SuperComicLib.CMath.Rem(System.Int64,System.Int64)">
            <summary>
            모듈러 연산을 수행하는데, 모듈러 연산 없이 기본 산술 및 비트 연산만을 사용해 수행합니다.<para/>
            <paramref name="value"/> must be equal to or smaller than <paramref name="divisor"/>
            </summary>
        </member>
        <member name="M:SuperComicLib.CMath.Min(System.UInt64,System.UInt64)">
            <summary>
            <see cref="M:System.Math.Min(System.UInt64,System.UInt64)"/>
            </summary>
        </member>
        <member name="M:SuperComicLib.CMath.Max(System.UInt64,System.UInt64)">
            <summary>
            <see cref="M:System.Math.Max(System.UInt64,System.UInt64)"/>
            </summary>
        </member>
        <member name="M:SuperComicLib.CMath.Normal(System.UInt64)">
            <summary>
            값을 0, 1로 노멀라이즈<para/>
            이 함수는 if를 사용하는 방법보다 최대 130.24%p, 평균 71.5485%p 더 빠름: <see href="https://blog.naver.com/ekfvoddl3535/222607247076">ref. blog</see>
            </summary>
        </member>
        <member name="M:SuperComicLib.CMath.Clampu(System.UInt64,System.UInt64,System.UInt64)">
            <summary>
            <see href="https://learn.microsoft.com/dotnet/api/system.math.clamp"/>
            </summary>
        </member>
        <member name="M:SuperComicLib.CMath.CXOR(System.UInt64,System.UInt64,System.UInt64,System.UInt64)">
            <summary>
            Cross ExclusiveOR<para/>
            (<paramref name="La0"/> ^ <paramref name="Ra0"/>) |
            (<paramref name="La1"/> ^ <paramref name="Ra1"/>)
            </summary>
        </member>
        <member name="M:SuperComicLib.CMath.Rem(System.UInt64,System.UInt64)">
            <summary>
            모듈러 연산을 수행하는데, 모듈러 연산 없이 기본 산술 및 비트 연산만을 사용해 수행합니다.<para/>
            <paramref name="value"/> must be equal to or smaller than <paramref name="divisor"/>
            </summary>
        </member>
        <member name="T:SuperComicLib.CodeContracts.NotNullAttribute">
            <summary>
            이 특성으로 표시된 반환 값은 Null이 아닙니다
            </summary>
        </member>
        <member name="T:SuperComicLib.CodeContracts.AllowNullAttribute">
            <summary>
            이 특성으로 표시된 인수나 필드는 Null을 허용합니다.
            </summary>
        </member>
        <member name="T:SuperComicLib.CodeContracts.DisallowNullAttribute">
            <summary>
            이 특성으로 표시된 인수나 필드는 Null을 허용하지 않습니다
            </summary>
        </member>
        <member name="T:SuperComicLib.CodeContracts.AllowEmptyArrayAttribute">
            <summary>
            이 특성으로 표시된 배열이나 문자열은 비어있을 수 있습니다 (allow Length == 0)
            </summary>
        </member>
        <member name="T:SuperComicLib.CodeContracts.DisallowEmptyArrayAttribute">
            <summary>
            이 특성으로 표시된 배열이나 문자열은 비어있을 수 없으며, 허용하지 않습니다 (disallow Length == 0)
            </summary>
        </member>
        <member name="T:SuperComicLib.CodeContracts.ReadOnlyMethodAttribute">
            <summary>
            이 특성으로 표시된 메소드나 속성은 객체(class나 struct)의 상태(field 값)를 변경하지 않습니다
            </summary>
        </member>
        <member name="T:SuperComicLib.CodeContracts.NotEmptyArrayAttribute">
            <summary>
            이 특성으로 표시된 반환 값은 빈 데이터(또는 배열)이 아닙니다
            </summary>
        </member>
        <member name="T:SuperComicLib.CodeContracts.DisallowNullOrEmptyAttribute">
            <summary>
            이 특성으로 표시된 배열이나 문자열은 Null과 Empty 상태를 허용하지 않습니다
            </summary>
        </member>
        <member name="T:SuperComicLib.CodeContracts.X64OnlyAttribute">
            <summary>
            Need 64-bit Processor, 64-bit OS
            </summary>
        </member>
        <member name="T:SuperComicLib.CodeContracts.X64LossOfLengthAttribute">
            <summary>
            It convert 64-bit integer (QWORD) to 32-bit integer (DWORD).
            </summary>
        </member>
        <member name="T:SuperComicLib.CodeContracts.DevReleaseAttribute">
            <summary>
            This functional or <see langword="class"/>, <see langword="struct"/>, <see langword="interface"/>, API is development version
            </summary>
        </member>
        <member name="T:SuperComicLib.CodeContracts.AssumeInputsValidAttribute">
            <summary>
            A method or property where this property is declared assumes that all input arguments are valid. 
            <br/>
            All argument checking is disabled.
            </summary>
        </member>
        <member name="T:SuperComicLib.CodeContracts.AssumeOperationValidAttribute">
            <summary>
            A method or property where this property is declared assumes that all fields and states of the object is valid.
            <br/>
            All field and state checking is disabled.
            </summary>
        </member>
        <member name="T:SuperComicLib.CodeContracts.KeepAliveAttribute">
            <summary>
            Fields or arguments declared with this attribute do not call <see cref="M:System.IDisposable.Dispose"/>.
            <br/>
            If necessary, do it after the end of using the object or after the end of the method.
            </summary>
        </member>
        <member name="T:SuperComicLib.CodeContracts.NoOverheadAttribute">
            <summary>
            Indicates that a method has no overhead.
            <br/>
            Does not call any other overloaded methods.
            </summary>
        </member>
        <member name="T:SuperComicLib.CodeContracts.FastContract">
            <summary>
            .NET 5+ and .net framework compatibility
            </summary>
        </member>
        <member name="M:SuperComicLib.CodeContracts.FastContract.Requires(System.Boolean,System.String)">
            <summary>
            <see cref="M:System.Diagnostics.Contracts.Contract.Requires(System.Boolean,System.String)"/>
            </summary>
        </member>
        <member name="M:SuperComicLib.CodeContracts.FastContract.Requires(System.Boolean)">
            <summary>
            <see cref="M:System.Diagnostics.Contracts.Contract.Requires(System.Boolean)"/>
            </summary>
        </member>
        <member name="M:SuperComicLib.CodeContracts.FastContract.Requires``1(System.Boolean,System.String)">
            <summary>
            <see cref="M:System.Diagnostics.Contracts.Contract.Requires``1(System.Boolean,System.String)"/>
            </summary>
        </member>
        <member name="M:SuperComicLib.CodeContracts.FastContract.Requires``1(System.Boolean)">
            <summary>
            <see cref="M:System.Diagnostics.Contracts.Contract.Requires``1(System.Boolean)"/>
            </summary>
        </member>
        <member name="T:SuperComicLib.CodeContracts.FastContractFailException">
            <summary>
            <see cref="T:SuperComicLib.CodeContracts.FastContract"/>가 실패함
            </summary>
        </member>
        <member name="M:SuperComicLib.CodeContracts.FastContractFailException.#ctor">
            <summary>
            기본 메시지로 오류 생성
            </summary>
        </member>
        <member name="M:SuperComicLib.CodeContracts.FastContractFailException.#ctor(System.String)">
            <summary>
            지정된 메시지로 오류 생성
            </summary>
        </member>
        <member name="M:SuperComicLib.CodeContracts.FastContractFailException.#ctor(System.String,System.Exception)">
            <summary>
            지정된 메시지와 내부 오류 정보를 사용해 오류 생성
            </summary>
        </member>
        <member name="T:SuperComicLib.CodeContracts.NoExceptAttribute">
            <summary>
            이 특성으로 표시된 메소드나 속성은 예외가 발생할 가능성이 극히 낮은 안전한 작업만을 수행합니다 (예: 변수에 대한 상수 시프트 연산, 검사된 범위 내에서 정수/부동소수 사칙연산)
            </summary>
        </member>
        <member name="F:SuperComicLib.CodeContracts.NoExceptAttribute.Exceptions">
            <summary>
            억제된 예외 타입 목록입니다.<para/>
            빈 배열인 경우, 모든 예외가 억제됨을 의미합니다.
            </summary>
        </member>
        <member name="M:SuperComicLib.CodeContracts.NoExceptAttribute.#ctor">
            <summary>
            기본 생성자
            </summary>
        </member>
        <member name="M:SuperComicLib.CodeContracts.NoExceptAttribute.#ctor(System.Type[])">
            <param name="exceptions">억제된 예외 타입 목록입니다. 빈 배열또는 null을 지정하는 경우, 모든 예외를 억제함을 의미합니다.</param>
        </member>
        <member name="T:SuperComicLib.CodeContracts.ValidRangeAttribute">
            <summary>
            이 특성으로 지정된 값은 유효한 범위 내에 있어야 합니다
            </summary>
        </member>
        <member name="T:SuperComicLib.CodeContracts.ValidRangeAttribute.RangeType">
            <summary>
            유효 범위 검사에 대한 종류
            </summary>
        </member>
        <member name="F:SuperComicLib.CodeContracts.ValidRangeAttribute.RangeType.None">
            <summary>
            기본 값
            </summary>
        </member>
        <member name="F:SuperComicLib.CodeContracts.ValidRangeAttribute.RangeType.Min_to_Max">
            <summary>
            최소 값부터 최대 값
            </summary>
        </member>
        <member name="F:SuperComicLib.CodeContracts.ValidRangeAttribute.RangeType.Min_to_Length">
            <summary>
            최소 값부터 Length
            </summary>
        </member>
        <member name="F:SuperComicLib.CodeContracts.ValidRangeAttribute.RangeType.ModeFlag_IncludeMax">
            <summary>
            최대 값을 포함
            </summary>
        </member>
        <member name="F:SuperComicLib.CodeContracts.ValidRangeAttribute.RangeType.ModeFlag_Unsigned">
            <summary>
            부호 없는 정수
            </summary>
        </member>
        <member name="F:SuperComicLib.CodeContracts.ValidRangeAttribute.Include_Minimum">
            <summary>
            최소 값
            </summary>
        </member>
        <member name="M:SuperComicLib.CodeContracts.ValidRangeAttribute.GetDescription">
            <summary>
            설명 가져오기
            </summary>
        </member>
        <member name="M:SuperComicLib.CodeContracts.ValidRangeAttribute.#ctor(System.Int32)">
            <summary>
            최소 값을 지정
            </summary>
        </member>
        <member name="M:SuperComicLib.CodeContracts.ValidRangeAttribute.#ctor(System.UInt32)">
            <summary>
            최소 값을 지정
            </summary>
        </member>
        <member name="M:SuperComicLib.CodeContracts.ValidRangeAttribute.#ctor(System.Int64)">
            <summary>
            최소 값을 지정
            </summary>
        </member>
        <member name="M:SuperComicLib.CodeContracts.ValidRangeAttribute.#ctor(System.UInt64)">
            <summary>
            최소 값을 지정
            </summary>
        </member>
        <member name="M:SuperComicLib.CodeContracts.ValidRangeAttribute.#ctor(System.Int32,System.Int32,System.Boolean)">
            <summary>
            최소 값, 최대 값, 최대 값 포함 여부를 지정
            </summary>
        </member>
        <member name="M:SuperComicLib.CodeContracts.ValidRangeAttribute.#ctor(System.UInt32,System.UInt32,System.Boolean)">
            <summary>
            최소 값, 최대 값, 최대 값 포함 여부를 지정
            </summary>
        </member>
        <member name="M:SuperComicLib.CodeContracts.ValidRangeAttribute.#ctor(System.Int64,System.Int64,System.Boolean)">
            <summary>
            최소 값, 최대 값, 최대 값 포함 여부를 지정
            </summary>
        </member>
        <member name="M:SuperComicLib.CodeContracts.ValidRangeAttribute.#ctor(System.UInt64,System.UInt64,System.Boolean)">
            <summary>
            최소 값, 최대 값, 최대 값 포함 여부를 지정
            </summary>
        </member>
        <member name="M:SuperComicLib.CodeContracts.ValidRangeAttribute.#ctor(System.String)">
            <summary>
            복잡한 조건에 대한 사용자 설명을 지정
            </summary>
        </member>
        <member name="M:SuperComicLib.CodeContracts.ValidRangeAttribute.#ctor">
            <summary>
            기본 생성자
            </summary>
        </member>
        <member name="T:SuperComicLib.Memory`1">
            <summary>
            원본 배열에 대한 부분 배열 정보
            </summary>
        </member>
        <member name="F:SuperComicLib.Memory`1._source">
            <summary>
            원본 배열
            </summary>
        </member>
        <member name="F:SuperComicLib.Memory`1._start">
            <summary>
            원본 배열에서 시작하는 위치
            </summary>
        </member>
        <member name="F:SuperComicLib.Memory`1.Length">
            <summary>
            부분 배열의 길이
            </summary>
        </member>
        <member name="M:SuperComicLib.Memory`1.#ctor(System.ArraySegment{`0}@)">
            <summary>
            <see cref="T:System.ArraySegment`1"/>의 정보를 사용하여, <see cref="T:SuperComicLib.Memory`1"/>를 초기화
            </summary>
        </member>
        <member name="M:SuperComicLib.Memory`1.#ctor(`0[],System.Int32,System.Int32)">
            <summary>
            원본 배열, 시작 위치, 길이 정보를 사용해 부분 배열을 구성
            </summary>
        </member>
        <member name="M:SuperComicLib.Memory`1.#ctor(`0[],System.Int32)">
            <summary>
            원본 배열, 시작 위치 정보를 사용해 부분 배열을 구성
            </summary>
        </member>
        <member name="M:SuperComicLib.Memory`1.#ctor(`0[])">
            <summary>
            원본 배열 정보를 사용해 부분 배열을 구성
            </summary>
        </member>
        <member name="P:SuperComicLib.Memory`1.Item(System.Int32)">
            <summary>
            부분 배열의 <paramref name="index"/> 번째 원소에 대한 참조 가져오기<para/>
            고성능 시나리오를 위한 API. 범위 검사가 없음.
            </summary>
        </member>
        <member name="P:SuperComicLib.Memory`1.IsValid">
            <summary>
            현재 부분 배열이 유효한지 여부
            </summary>
        </member>
        <member name="P:SuperComicLib.Memory`1.IsNull">
            <summary>
            현재 부분 배열에 제공된 원본 배열이 Null인지 여부
            </summary>
        </member>
        <member name="P:SuperComicLib.Memory`1.IsIndexOutOfRange">
            <summary>
            현재 부분 배열에 제공된 시작 위치와 길이 정보가 원본 배열 범위를 초과하는지 여부
            </summary>
        </member>
        <member name="M:SuperComicLib.Memory`1.at(System.Int32)">
            <summary>
            부분 배열의 <paramref name="index"/> 번째 원소에 대한 참조 가져오기
            </summary>
        </member>
        <member name="M:SuperComicLib.Memory`1.Slice(System.Int32)">
            <summary>
            현재 부분 배열에 대한 부분 배열을 만듭니다
            </summary>
        </member>
        <member name="M:SuperComicLib.Memory`1.Slice(System.Int32,System.Int32)">
            <summary>
            현재 부분 배열에 대한 부분 배열을 만듭니다
            </summary>
        </member>
        <member name="M:SuperComicLib.Memory`1.Slice_fast(System.Int32,System.Int32)">
            <summary>
            현재 부분 배열에 대한 부분 배열을 만듭니다. (범위 검사가 없음)
            </summary>
        </member>
        <member name="M:SuperComicLib.Memory`1.ToArray">
            <summary>
            현재 부분 배열 범위의 원소를 배열로 만듭니다
            </summary>
        </member>
        <member name="M:SuperComicLib.Memory`1.CopyTo(SuperComicLib.Memory{`0}@)">
            <summary>
            현재 부분 배열 범위의 원소를 대상 부분 배열로 복사합니다
            </summary>
        </member>
        <member name="M:SuperComicLib.Memory`1.CopyTo(SuperComicLib.Memory{`0}@,System.Int32)">
            <summary>
            현재 부분 배열 범위의 원소를 대상 부분 배열로 복사합니다
            </summary>
        </member>
        <member name="M:SuperComicLib.Memory`1.CopyTo(System.Int32,SuperComicLib.Memory{`0}@,System.Int32)">
            <summary>
            현재 부분 배열 범위의 원소를 대상 부분 배열로 복사합니다.<br/>
            참고: <see cref="M:System.Collections.Generic.List`1.CopyTo(System.Int32,`0[],System.Int32,System.Int32)"/>
            </summary>
        </member>
        <member name="M:SuperComicLib.Memory`1.AsArraySegment">
            <summary>
            현재 <see cref="T:SuperComicLib.Memory`1"/>의 정보를 사용하여, <see cref="T:System.ArraySegment`1"/>로 변환합니다.
            </summary>
        </member>
        <member name="M:SuperComicLib.Memory`1.IndexOf(`0)">
            <summary>
            부분 배열 범위에서 지정된 원소의 위치를 찾습니다.
            </summary>
            <returns>부분 배열 범위에 상대적인 인덱스, 값을 찾지 못한 경우 -1 보다 작을 수 있습니다.</returns>
        </member>
        <member name="M:SuperComicLib.Memory`1.Contains(`0)">
            <summary>
            부분 배열 범위에서 지정된 원소가 존재하는지 여부
            </summary>
        </member>
        <member name="M:SuperComicLib.Memory`1.Clear">
            <summary>
            부분 배열 범위의 원소를 기본 값으로 설정합니다
            </summary>
        </member>
        <member name="M:SuperComicLib.Memory`1.BinarySearch(`0)">
            <summary>
            지정된 원소를 찾기 위해 이진 검색을 수행
            </summary>
            <returns>부분 배열 범위에 상대적인 인덱스</returns>
        </member>
        <member name="M:SuperComicLib.Memory`1.BinarySearch(`0,System.Collections.Generic.IComparer{`0})">
            <summary>
            지정된 원소를 찾기 위해 이진 검색을 수행
            </summary>
            <returns>부분 배열 범위에 상대적인 인덱스</returns>
        </member>
        <member name="M:SuperComicLib.Memory`1.LastIndexOf(`0)">
            <summary>
            부분 배열 범위에서 지정된 원소의 마지막 위치를 찾습니다.
            </summary>
            <returns>부분 배열 범위에 상대적인 인덱스, 값을 찾지 못한 경우 -1 보다 작을 수 있습니다.</returns>
        </member>
        <member name="M:SuperComicLib.Memory`1.TryCopyTo(SuperComicLib.Memory{`0})">
            <summary>
            현재 부분 배열 범위의 원소를 대상 부분 배열로 복사하려고 시도합니다.
            </summary>
            <returns>실패하면 false, 성공하면 true 입니다</returns>
        </member>
        <member name="M:SuperComicLib.Memory`1.GetPinnableReference">
            <summary>
            fixed에 사용하기 위한, 특수 메소드
            </summary>
        </member>
        <member name="M:SuperComicLib.Memory`1.GetEnumerator">
            <summary>
            <see cref="M:System.Collections.Generic.IEnumerable`1.GetEnumerator"/>
            </summary>
        </member>
        <member name="M:SuperComicLib.Memory`1.Equals(System.Object)">
            <summary>
            <see cref="M:System.Object.Equals(System.Object)"/>
            </summary>
        </member>
        <member name="M:SuperComicLib.Memory`1.GetHashCode">
            <summary>
            <see cref="M:System.Object.GetHashCode"/>
            </summary>
        </member>
        <member name="M:SuperComicLib.Memory`1.op_Implicit(`0[])~SuperComicLib.Memory{`0}">
            !== CAST
            <summary>
            온전한 배열로 부터 부분 배열 정보를 만듭니다. 이 부분 배열은 실제로 원본 배열 전체 범위입니다.
            </summary>
        </member>
        <member name="M:SuperComicLib.Memory`1.op_Equality(SuperComicLib.Memory{`0}@,SuperComicLib.Memory{`0}@)">
            !== EQ 
            <summary>
            원본 배열의 참조 값과 배열 범위만 검사합니다. (얕은 비교)
            </summary>
        </member>
        <member name="M:SuperComicLib.Memory`1.op_Inequality(SuperComicLib.Memory{`0}@,SuperComicLib.Memory{`0}@)">
            <summary>
            원본 배열의 참조 값과 배열 범위만 검사합니다. (얕은 비교)
            </summary>
        </member>
        <member name="T:SuperComicLib.ReadOnlyMemory`1">
            <summary>
            원본 배열에 대한 부분 배열 정보 (기본적으로 읽기 전용)
            </summary>
        </member>
        <member name="F:SuperComicLib.ReadOnlyMemory`1._start">
            <summary>
            원본 배열에서 시작하는 위치
            </summary>
        </member>
        <member name="F:SuperComicLib.ReadOnlyMemory`1.Length">
            <summary>
            부분 배열의 길이
            </summary>
        </member>
        <member name="M:SuperComicLib.ReadOnlyMemory`1.#ctor(System.ArraySegment{`0}@)">
            <summary>
            <see cref="T:System.ArraySegment`1"/>의 정보를 사용하여, <see cref="T:SuperComicLib.Memory`1"/>를 초기화
            </summary>
        </member>
        <member name="M:SuperComicLib.ReadOnlyMemory`1.#ctor(`0[],System.Int32,System.Int32)">
            <summary>
            원본 배열, 시작 위치, 길이 정보를 사용해 부분 배열을 구성
            </summary>
        </member>
        <member name="M:SuperComicLib.ReadOnlyMemory`1.#ctor(`0[],System.Int32)">
            <summary>
            원본 배열, 시작 위치 정보를 사용해 부분 배열을 구성
            </summary>
        </member>
        <member name="M:SuperComicLib.ReadOnlyMemory`1.#ctor(`0[])">
            <summary>
            원본 배열 정보를 사용해 부분 배열을 구성
            </summary>
        </member>
        <member name="P:SuperComicLib.ReadOnlyMemory`1.Item(System.Int32)">
            <summary>
            부분 배열의 <paramref name="index"/> 번째 원소에 대한 참조 가져오기<para/>
            고성능 시나리오를 위한 API. 범위 검사가 없음.
            </summary>
        </member>
        <member name="P:SuperComicLib.ReadOnlyMemory`1.IsValid">
            <summary>
            현재 부분 배열이 유효한지 여부
            </summary>
        </member>
        <member name="P:SuperComicLib.ReadOnlyMemory`1.IsNull">
            <summary>
            현재 부분 배열에 제공된 원본 배열이 Null인지 여부
            </summary>
        </member>
        <member name="P:SuperComicLib.ReadOnlyMemory`1.IsIndexOutOfRange">
            <summary>
            현재 부분 배열에 제공된 시작 위치와 길이 정보가 원본 배열 범위를 초과하는지 여부
            </summary>
        </member>
        <member name="M:SuperComicLib.ReadOnlyMemory`1.at(System.Int32)">
            <summary>
            부분 배열의 <paramref name="index"/> 번째 원소에 대한 참조 가져오기
            </summary>
        </member>
        <member name="M:SuperComicLib.ReadOnlyMemory`1.Slice(System.Int32)">
            <summary>
            현재 부분 배열에 대한 부분 배열을 만듭니다
            </summary>
        </member>
        <member name="M:SuperComicLib.ReadOnlyMemory`1.Slice(System.Int32,System.Int32)">
            <summary>
            현재 부분 배열에 대한 부분 배열을 만듭니다
            </summary>
        </member>
        <member name="M:SuperComicLib.ReadOnlyMemory`1.Slice_fast(System.Int32,System.Int32)">
            <summary>
            현재 부분 배열에 대한 부분 배열을 만듭니다. (범위 검사가 없음)
            </summary>
        </member>
        <member name="M:SuperComicLib.ReadOnlyMemory`1.ToArray">
            <summary>
            현재 부분 배열 범위의 원소를 배열로 만듭니다
            </summary>
        </member>
        <member name="M:SuperComicLib.ReadOnlyMemory`1.CopyTo(SuperComicLib.Memory{`0}@)">
            <summary>
            현재 부분 배열 범위의 원소를 대상 부분 배열로 복사합니다
            </summary>
        </member>
        <member name="M:SuperComicLib.ReadOnlyMemory`1.CopyTo(SuperComicLib.Memory{`0}@,System.Int32)">
            <summary>
            현재 부분 배열 범위의 원소를 대상 부분 배열로 복사합니다
            </summary>
        </member>
        <member name="M:SuperComicLib.ReadOnlyMemory`1.CopyTo(System.Int32,SuperComicLib.Memory{`0}@,System.Int32)">
            <summary>
            현재 부분 배열 범위의 원소를 대상 부분 배열로 복사합니다.<br/>
            참고: <see cref="M:System.Collections.Generic.List`1.CopyTo(System.Int32,`0[],System.Int32,System.Int32)"/>
            </summary>
        </member>
        <member name="M:SuperComicLib.ReadOnlyMemory`1.IndexOf(`0)">
            <summary>
            부분 배열 범위에서 지정된 원소의 위치를 찾습니다.
            </summary>
            <returns>부분 배열 범위에 상대적인 인덱스, 값을 찾지 못한 경우 -1 보다 작을 수 있습니다.</returns>
        </member>
        <member name="M:SuperComicLib.ReadOnlyMemory`1.Contains(`0)">
            <summary>
            부분 배열 범위에서 지정된 원소가 존재하는지 여부
            </summary>
        </member>
        <member name="M:SuperComicLib.ReadOnlyMemory`1.Clear">
            <summary>
            부분 배열 범위의 원소를 기본 값으로 설정합니다
            </summary>
        </member>
        <member name="M:SuperComicLib.ReadOnlyMemory`1.BinarySearch(`0)">
            <summary>
            지정된 원소를 찾기 위해 이진 검색을 수행
            </summary>
            <returns>부분 배열 범위에 상대적인 인덱스</returns>
        </member>
        <member name="M:SuperComicLib.ReadOnlyMemory`1.BinarySearch(`0,System.Collections.Generic.IComparer{`0})">
            <summary>
            지정된 원소를 찾기 위해 이진 검색을 수행
            </summary>
            <returns>부분 배열 범위에 상대적인 인덱스</returns>
        </member>
        <member name="M:SuperComicLib.ReadOnlyMemory`1.LastIndexOf(`0)">
            <summary>
            부분 배열 범위에서 지정된 원소의 마지막 위치를 찾습니다.
            </summary>
            <returns>부분 배열 범위에 상대적인 인덱스, 값을 찾지 못한 경우 -1 보다 작을 수 있습니다.</returns>
        </member>
        <member name="M:SuperComicLib.ReadOnlyMemory`1.TryCopyTo(SuperComicLib.Memory{`0})">
            <summary>
            현재 부분 배열 범위의 원소를 대상 부분 배열로 복사하려고 시도합니다.
            </summary>
            <returns>실패하면 false, 성공하면 true 입니다</returns>
        </member>
        <member name="M:SuperComicLib.ReadOnlyMemory`1.GetPinnableReference">
            <summary>
            fixed에 사용하기 위한, 특수 메소드
            </summary>
        </member>
        <member name="M:SuperComicLib.ReadOnlyMemory`1.DangerousGetArray">
            <summary>
            원본 배열에 대한 참조를 가져오기 (필요한 상황에서만 제한적으로 사용)
            </summary>
        </member>
        <member name="M:SuperComicLib.ReadOnlyMemory`1.GetEnumerator">
            <summary>
            <see cref="M:System.Collections.Generic.IEnumerable`1.GetEnumerator"/>
            </summary>
        </member>
        <member name="M:SuperComicLib.ReadOnlyMemory`1.Equals(System.Object)">
            <summary>
            <see cref="M:System.Object.Equals(System.Object)"/>
            </summary>
        </member>
        <member name="M:SuperComicLib.ReadOnlyMemory`1.GetHashCode">
            <summary>
            <see cref="M:System.Object.GetHashCode"/>
            </summary>
        </member>
        <member name="M:SuperComicLib.ReadOnlyMemory`1.op_Implicit(`0[])~SuperComicLib.ReadOnlyMemory{`0}">
            !== CAST
            <summary>
            온전한 배열로 부터 부분 배열 정보를 만듭니다. 이 부분 배열은 실제로 원본 배열 전체 범위입니다.
            </summary>
        </member>
        <member name="M:SuperComicLib.ReadOnlyMemory`1.op_Implicit(SuperComicLib.Memory{`0}@)~SuperComicLib.ReadOnlyMemory{`0}">
            <summary>
            지정된 <see cref="T:SuperComicLib.Memory`1"/>의 읽기 전용을 만들기
            </summary>
        </member>
        <member name="M:SuperComicLib.ReadOnlyMemory`1.op_Equality(SuperComicLib.ReadOnlyMemory{`0}@,SuperComicLib.ReadOnlyMemory{`0}@)">
            !== EQ 
            <summary>
            원본 배열의 참조 값과 배열 범위만 검사합니다. (얕은 비교)
            </summary>
        </member>
        <member name="M:SuperComicLib.ReadOnlyMemory`1.op_Inequality(SuperComicLib.ReadOnlyMemory{`0}@,SuperComicLib.ReadOnlyMemory{`0}@)">
            <summary>
            원본 배열의 참조 값과 배열 범위만 검사합니다. (얕은 비교)
            </summary>
        </member>
        <member name="M:SuperComicLib.SCL_GLOBAL_ArrayExtension.Slice``1(``0[],System.Int32)">
            <summary>
            원본에 대한 부분 배열을 생성합니다.<br/>
            이 부분 배열은 원본 배열의 복사본이 아닙니다.
            </summary>
        </member>
        <member name="M:SuperComicLib.SCL_GLOBAL_ArrayExtension.Slice``1(``0[],System.Int32,System.Int32)">
            <summary>
            원본에 대한 부분 배열을 생성합니다.<br/>
            이 부분 배열은 원본 배열의 복사본이 아닙니다.
            </summary>
        </member>
        <member name="M:SuperComicLib.SCL_GLOBAL_ArrayExtension.FirstIndex``1(``0[],``0)">
            <summary>
            배열에서 첫번째로 발견되는 값의 index를 가져옵니다
            </summary>
            <returns>값을 찾지 못한 경우 -1이 반환됩니다</returns>
        </member>
        <member name="M:SuperComicLib.SCL_GLOBAL_ArrayExtension.FirstEqualsIndex``1(``0[],``0)">
            <summary>
            배열에서 첫번째로 발견되는 값의 index를 가져옵니다
            </summary>
            <returns>값을 찾지 못한 경우 -1이 반환됩니다</returns>
        </member>
        <member name="M:SuperComicLib.SCL_GLOBAL_ArrayExtension.LastIndex``1(``0[],``0)">
            <summary>
            배열에서 가장 마지막으로 발견되는 값의 index를 가져옵니다
            </summary>
            <returns>값을 찾지 못한 경우 -1이 반환됩니다</returns>
        </member>
        <member name="M:SuperComicLib.SCL_GLOBAL_ArrayExtension.LastEqualsIndex``1(``0[],``0)">
            <summary>
            배열에서 가장 마지막으로 발견되는 값의 index를 가져옵니다
            </summary>
            <returns>값을 찾지 못한 경우 -1이 반환됩니다</returns>
        </member>
        <member name="M:SuperComicLib.SCL_GLOBAL_SystemCollectionGenericIEnumerableExtension_Linq.SubArray``1(``0[],System.Int32,System.Int32)">
            <summary>
            Use 'Slice(int, int).ToArray()' instead.
            </summary>
        </member>
        <member name="M:SuperComicLib.SCL_GLOBAL_SystemCollectionGenericIEnumerableExtension_Linq.TrySubArray``1(``0[],System.Int32,System.Int32,``0[]@)">
            <summary>
            Use 'Slice(int, int).TryCopyTo(<see cref="T:SuperComicLib.Memory`1"/>)' instead.
            </summary>
        </member>
        <member name="M:SuperComicLib.SCL_GLOBAL_SystemCollectionGenericIEnumerableExtension_Linq.ReplaceAll``1(``0[],``0,``0)">
            <summary>
            Use 'Replace(T, <see cref="T:System.Predicate`1"/>)' instead.
            </summary>
        </member>
        <member name="M:SuperComicLib.SCL_GLOBAL_SystemCollectionGenericIEnumerableExtension_Linq.ReplaceAll``1(``0[],``0,System.Collections.Generic.IEnumerable{``0})">
            <summary>
            Use 'Replace(<see cref="T:System.Collections.Generic.IEnumerable`1"/>, <see cref="T:System.Predicate`1"/>)' instead.
            </summary>
        </member>
        <member name="M:SuperComicLib.SCL_GLOBAL_SystemCollectionGenericIEnumerableExtension_Linq.ReplaceAll``1(``0[],``0[],``0[])">
            <summary>
            Use 'Replace(<see cref="T:System.Collections.Generic.IEnumerable`1"/>, <see cref="T:System.Predicate`1"/>)' instead.
            </summary>
        </member>
        <member name="M:SuperComicLib.SCL_GLOBAL_SystemCollectionGenericIEnumerableExtension_Linq.ReplaceAll``1(``0[],``0,``0,System.Int32[]@)">
            <summary>
            Use 'Replace(T, <see cref="T:System.Predicate`1"/>)' instead.
            </summary>
        </member>
        <member name="M:SuperComicLib.SCL_GLOBAL_SystemCollectionGenericIEnumerableExtension_Linq.ReplaceAll``1(``0[],``0,System.Collections.Generic.IEnumerable{``0},System.Int32[]@)">
            <summary>
            Use 'Replace(<see cref="T:System.Collections.Generic.IEnumerable`1"/>, <see cref="T:System.Predicate`1"/>)' instead.
            </summary>
        </member>
        <member name="M:SuperComicLib.SCL_GLOBAL_SystemCollectionGenericIEnumerableExtension_Linq.ReplaceAll``1(``0[],``0[],``0[],System.Int32[]@)">
            <summary>
            Use 'Replace(<see cref="T:System.Collections.Generic.IEnumerable`1"/>, <see cref="T:System.Predicate`1"/>)' instead.
            </summary>
        </member>
        <member name="M:SuperComicLib.SCL_GLOBAL_SystemCollectionGenericIEnumerableExtension_Linq.ForEachTuple``2(``0[],``1[],System.Object)">
            <summary>
            Use System.Linq and 'Zip' instead.
            </summary>
        </member>
        <member name="M:SuperComicLib.SCL_GLOBAL_SystemCollectionGenericIEnumerableExtension_Linq.IndexWith``1(System.Collections.Generic.IEnumerable{``0})">
            <summary>
            Construct tuples by assigning an index to the order in which they are enumerated.
            </summary>
        </member>
        <member name="M:SuperComicLib.SCL_GLOBAL_SystemCollectionGenericIEnumerableExtension_Linq.Replace``1(System.Collections.Generic.IEnumerable{``0},System.Collections.Generic.IEnumerable{``0},System.Predicate{``0})">
            <summary>
            Replaces elements that meet conditions with other values.
            </summary>
        </member>
        <member name="M:SuperComicLib.SCL_GLOBAL_SystemCollectionGenericIEnumerableExtension_Linq.Replace``1(System.Collections.Generic.IEnumerable{``0},``0,System.Predicate{``0})">
            <summary>
            Replaces elements that meet conditions with other values.
            </summary>
        </member>
        <member name="M:SuperComicLib.SCL_GLOBAL_SystemCollectionGenericIEnumerableExtension_Linq.Replace``1(System.Collections.Generic.IEnumerable{``0},System.Collections.Generic.IEnumerable{``0},System.Func{``0,System.Int64,System.Boolean})">
            <summary>
            Replaces elements that meet conditions with other values.
            </summary>
        </member>
        <member name="M:SuperComicLib.SCL_GLOBAL_SystemCollectionGenericIEnumerableExtension_Linq.Replace``1(System.Collections.Generic.IEnumerable{``0},``0,System.Func{``0,System.Int64,System.Boolean})">
            <summary>
            Replaces elements that meet conditions with other values.
            </summary>
        </member>
        <member name="M:SuperComicLib.SCL_GLOBAL_SystemCollectionGenericIEnumerableExtension_Linq.Prepare``1(System.Collections.Generic.IEnumerable{``0},System.Action)">
            <summary>
            Specifies an action that is performed only the first time the enumeration begins.
            </summary>
        </member>
        <member name="M:SuperComicLib.SCL_GLOBAL_SystemCollectionGenericIEnumerableExtension_Linq.Peek``1(System.Collections.Generic.IEnumerable{``0},System.Action{``0})">
            <summary>
            Peek at the enumerated value, without consuming it.
            </summary>
        </member>
        <member name="M:SuperComicLib.SCL_GLOBAL_SystemCollectionGenericIEnumerableExtension_Linq.Peek``1(System.Collections.Generic.IEnumerable{``0},System.Action{``0,System.Int64})">
            <summary>
            Peek at the enumerated value, without consuming it.
            </summary>
        </member>
        <member name="M:SuperComicLib.SCL_GLOBAL_SystemCollectionGenericIEnumerableExtension_Linq.Batch``1(System.Collections.Generic.IEnumerable{``0},System.Int32)">
            <summary>
            Splits the elements of a sequence into batches of a specified size, returning each batch as an array.
            </summary>
            <remarks>
            This method divides an <see cref="T:System.Collections.Generic.IEnumerable`1"/> into several smaller arrays, 
            each containing elements of the specified batch size. If the number of elements in the source sequence 
            is not a multiple of the batch size, the last batch will contain fewer elements than the specified batch size.
            </remarks>
            <returns>
            An <see cref="T:System.Collections.Generic.IEnumerable`1"/> where <typeparamref name="T"/> is an array of the source sequence type, 
            each representing a batch of elements.
            </returns>
            <exception cref="T:System.ArgumentOutOfRangeException">Batch size is too small.</exception>
        </member>
        <member name="M:SuperComicLib.SCL_GLOBAL_SystemCollectionGenericIEnumerableExtension_Linq.ForEach``1(System.Collections.Generic.IEnumerable{``0},System.Action{``0})">
            <summary>
            Enumerates the values and finally consumes the result.
            </summary>
        </member>
        <member name="M:SuperComicLib.SCL_GLOBAL_SystemCollectionGenericIEnumerableExtension_Linq.ForEach``1(System.Collections.Generic.IEnumerable{``0},System.Action{``0,System.Int64})">
            <summary>
            Enumerates the values and finally consumes the result.
            </summary>
        </member>
        <member name="T:SuperComicLib.HashedString">
            <summary>
            잦은 해시 생성과 해시값 충돌을 피하기위해 64비트로 확장된 해시 문자열을 사용합니다.
            </summary>
        </member>
        <member name="F:SuperComicLib.HashedString.Value">
            <summary>
            저장된 해시의 값
            </summary>
        </member>
        <member name="M:SuperComicLib.HashedString.#ctor(System.String)">
            <summary>
            지정된 문자열에 대한 64비트 확장 해시 코드를 생성합니다.
            </summary>
        </member>
        <member name="M:SuperComicLib.HashedString.#ctor(System.Int64)">
            <summary>
            지정된 값으로 초기화합니다.
            </summary>
        </member>
        <member name="M:SuperComicLib.HashedString.#ctor(System.Int32,System.Int32)">
            <summary>
            지정된 값으로 초기화합니다.
            </summary>
        </member>
        <member name="M:SuperComicLib.HashedString.op_Implicit(System.String)~SuperComicLib.HashedString">
            <summary>
            지정된 문자열을 <see cref="T:SuperComicLib.HashedString"/>로 변환합니다.
            </summary>
        </member>
        <member name="M:SuperComicLib.HashedString.op_Implicit(SuperComicLib.HashedString)~System.Int64">
            <summary>
            지정된 <see cref="T:SuperComicLib.HashedString"/>에 저장된 64비트 정수를 읽어서 64비트 정수형으로 변환합니다.
            </summary>
        </member>
        <member name="P:SuperComicLib.HashedString.Hash1">
            <summary>
            하위 32비트 해시 코드를 가져옵니다.
            </summary>
        </member>
        <member name="P:SuperComicLib.HashedString.Hash2">
            <summary>
            상위 32비트 해시 코드를 가져옵니다.<para/>
            이 값은 일반적으로 <see cref="P:System.String.Length"/> 입니다.
            </summary>
        </member>
        <member name="M:SuperComicLib.HashedString.Equals(SuperComicLib.HashedString)">
            <summary>
            대상 <see cref="T:SuperComicLib.HashedString"/>의 값과 일치하는지 비교합니다.
            </summary>
        </member>
        <member name="M:SuperComicLib.HashedString.Equals(System.String)">
            <summary>
            대상 <see cref="T:System.String"/>에 대한 <see cref="T:SuperComicLib.HashedString"/>의 값과 일치하는지 비교합니다.
            </summary>
        </member>
        <member name="M:SuperComicLib.HashedString.Equals(System.Object)">
            <summary>
            <paramref name="obj"/>의 <see cref="M:System.Object.ToString"/> 결과값에 대한 <see cref="T:SuperComicLib.HashedString"/>의 값과 일치하는지 비교합니다.
            </summary>
        </member>
        <member name="M:SuperComicLib.HashedString.GetHashCode">
            <summary>
            64비트 정수에 대한 해시코드를 반환합니다.
            </summary>
        </member>
        <member name="M:SuperComicLib.HashedString.ToString">
            <summary>
            해시 코드를 16진수 값으로 변환하여 문자열로 만듭니다
            </summary>
            <returns></returns>
        </member>
        <member name="M:SuperComicLib.HashedString.op_Equality(SuperComicLib.HashedString,SuperComicLib.HashedString)">
            <summary>
            두 <see cref="T:SuperComicLib.HashedString"/>의 값이 같은지 비교합니다.
            </summary>
        </member>
        <member name="M:SuperComicLib.HashedString.op_Inequality(SuperComicLib.HashedString,SuperComicLib.HashedString)">
            <summary>
            두 <see cref="T:SuperComicLib.HashedString"/>의 값이 다른지 비교합니다.
            </summary>
        </member>
        <member name="T:SuperComicLib.IntHash">
            <summary>
            hash code generate helper
            </summary>
        </member>
        <member name="M:SuperComicLib.IntHash.CombineMOD(System.Int32,System.Int32)">
            <summary>
            useful when combining array hashcodes
            </summary>
        </member>
        <member name="M:SuperComicLib.IntHash.Combine(System.Int32,System.Int32)">
            <summary>
            simplest. not special
            </summary>
        </member>
        <member name="M:SuperComicLib.IntHash.Combine(System.Int32,System.Int32,System.Int32)">
            <summary>
            simplest. not special
            </summary>
        </member>
        <member name="T:SuperComicLib.LongHashedString">
            <summary>
            잦은 해시 생성과 해시값 충돌을 피하기위해 128비트로 확장된 고해상도 해시 문자열을 사용합니다.<para/>
            <see cref="T:SuperComicLib.HashedString"/>과 호환되지 않습니다.
            </summary>
        </member>
        <member name="F:SuperComicLib.LongHashedString.Hash1EX">
            <summary>
            하위 64비트 해시
            </summary>
        </member>
        <member name="F:SuperComicLib.LongHashedString.Hash2EX">
            <summary>
            상위 64비트 해시
            </summary>
        </member>
        <member name="M:SuperComicLib.LongHashedString.#ctor(System.String)">
            <summary>
            지정된 문자열에 대한 128비트 확장 고해상도 해시 코드를 생성합니다.
            </summary>
        </member>
        <member name="P:SuperComicLib.LongHashedString.BHash">
            <summary>
            기본 해시의 하위 32비트
            </summary>
        </member>
        <member name="P:SuperComicLib.LongHashedString.GHash">
            <summary>
            기본 해시의 상위 32비트
            </summary>
        </member>
        <member name="P:SuperComicLib.LongHashedString.Compare">
            <summary>
            보조 해시 1번.
            </summary>
        </member>
        <member name="P:SuperComicLib.LongHashedString.Length">
            <summary>
            보조 해시 2번.
            </summary>
        </member>
        <member name="M:SuperComicLib.LongHashedString.Equals(SuperComicLib.LongHashedString)">
            <summary>
            대상 <see cref="T:SuperComicLib.LongHashedString"/>의 값과 일치하는지 비교합니다.
            </summary>
        </member>
        <member name="M:SuperComicLib.LongHashedString.Equals(System.String)">
            <summary>
            대상 <see cref="T:System.String"/>에 대한 <see cref="T:SuperComicLib.LongHashedString"/>의 값과 일치하는지 비교합니다.
            </summary>
        </member>
        <member name="M:SuperComicLib.LongHashedString.Equals(System.Object)">
            <summary>
            <paramref name="obj"/>의 <see cref="M:System.Object.ToString"/> 결과값에 대한 <see cref="T:SuperComicLib.LongHashedString"/>의 값과 일치하는지 비교합니다.
            </summary>
        </member>
        <member name="M:SuperComicLib.LongHashedString.GetHashCode">
            <summary>
            128비트 정수에 대한 해시코드를 반환합니다.
            </summary>
        </member>
        <member name="M:SuperComicLib.LongHashedString.ToString">
            <summary>
            해시 코드를 16진수 값으로 변환하여 문자열로 만듭니다
            </summary>
            <returns></returns>
        </member>
        <member name="M:SuperComicLib.LongHashedString.op_Implicit(System.String)~SuperComicLib.LongHashedString">
            <summary>
            지정된 문자열을 <see cref="T:SuperComicLib.LongHashedString"/>로 변환합니다.
            </summary>
        </member>
        <member name="M:SuperComicLib.LongHashedString.op_Equality(SuperComicLib.LongHashedString,SuperComicLib.LongHashedString)">
            <summary>
            두 <see cref="T:SuperComicLib.HashedString"/>의 값이 같은지 비교합니다.
            </summary>
        </member>
        <member name="M:SuperComicLib.LongHashedString.op_Inequality(SuperComicLib.LongHashedString,SuperComicLib.LongHashedString)">
            <summary>
            두 <see cref="T:SuperComicLib.HashedString"/>의 값이 다른지 비교합니다.
            </summary>
        </member>
        <member name="T:SuperComicLib.Range">
            <summary>
            32비트 정수 2개로 범위를 지정합니다.<para/>
            시작 위치와 끝 위치(포함하지 않음)를 갖습니다.
            </summary>
        </member>
        <member name="F:SuperComicLib.Range.start">
            <summary>
            인덱스의 시작 위치입니다.
            </summary>
        </member>
        <member name="F:SuperComicLib.Range.end">
            <summary>
            인덱스의 끝 위치입니다.
            </summary>
        </member>
        <member name="M:SuperComicLib.Range.#ctor(System.Int32,System.Int32)">
            <summary>
            시작-끝 위치로 <see cref="T:SuperComicLib.Range"/> 구조체를 초기화합니다.
            </summary>
            <param name="start">시작 위치</param>
            <param name="end">끝 위치 (포함하지 않음)</param>
        </member>
        <member name="P:SuperComicLib.Range.Length">
            <summary>
            길이입니다.
            </summary>
        </member>
        <member name="M:SuperComicLib.Range.Equals(SuperComicLib.Range)">
            <summary>
            <see cref="M:SuperComicLib.Range.op_Equality(SuperComicLib.Range,SuperComicLib.Range)"/>를 대신 사용하세요
            </summary>
        </member>
        <member name="T:SuperComicLib.Range64">
            <summary>
            64비트 정수를 사용해 표현된 <see cref="T:SuperComicLib.Range"/>
            </summary>
        </member>
        <member name="F:SuperComicLib.Range64.start">
            <summary>
            인덱스의 시작 위치입니다.
            </summary>
        </member>
        <member name="F:SuperComicLib.Range64.end">
            <summary>
            인덱스의 끝 위치입니다.
            </summary>
        </member>
        <member name="M:SuperComicLib.Range64.#ctor(System.Int64,System.Int64)">
            <summary>
            시작-끝 위치로 <see cref="T:SuperComicLib.Range64"/> 구조체를 초기화합니다.
            </summary>
            <param name="start">시작 위치</param>
            <param name="end">끝 위치 (포함하지 않음)</param>
        </member>
        <member name="P:SuperComicLib.Range64.Length">
            <summary>
            길이입니다.
            </summary>
        </member>
        <member name="M:SuperComicLib.Range64.Equals(SuperComicLib.Range64)">
            <summary>
            <see cref="M:SuperComicLib.Range64.op_Equality(SuperComicLib.Range64,SuperComicLib.Range64)"/>를 대신 사용하세요
            </summary>
        </member>
    </members>
</doc>
