{"FileHashes":{"\\anim\\assets\\eye_spice_effect\\eye_spice_effect_0.png":"e9fc87793376cda89e19599900d4c14ff9399f8d160c2283bedb5b279c2e51da","\\anim\\assets\\eye_spice_effect\\eye_spice_effect_anim.bytes":"0bed6af0b8641065f60b18cd23d82f5bd4f7a5504be177e276d2939df5907325","\\anim\\assets\\eye_spice_effect\\eye_spice_effect_build.bytes":"996b6dbdb116fe43cddb74e6ddf05b418640611fc9d6ada37c9dff1911b09e8c","\\anim\\assets\\loader_tube_adapter\\loader_tube_adapter_0.png":"855502f6caeeaa2caa07e8859cd6b46ef474cf86761bc15cc7d3ffee4967d03c","\\anim\\assets\\loader_tube_adapter\\loader_tube_adapter_anim.bytes":"475b84ff3b828efa551700ce7f74cf23b193126b55ed51d2d1c3e77256c9ab49","\\anim\\assets\\loader_tube_adapter\\loader_tube_adapter_build.bytes":"d49b8503be5392ce6eeefb5da82929befd8224c60514729be0d2a2eaad86eb06","\\anim\\assets\\RTB_Part_A\\RTB_Part_A_0.png":"6b8080affc6510d03e04587233e075652125924706b59a513f5ba7d8f1bc3fb1","\\anim\\assets\\RTB_Part_A\\RTB_Part_A_anim.bytes":"18439a84a545661980fbcfeac0606e39d4abdecc8974e2ed25c3e57d8fffb377","\\anim\\assets\\RTB_Part_A\\RTB_Part_A_build.bytes":"e6581136762963ad52a3bee255f6d2632f49c10e543d65cc3c027155dcd55fc3","\\anim\\assets\\rtb_station_part_manufacturer\\Part_Manufacturer_0.png":"a536b88ba7906c49b2e58a11dfc8f4cda6e442c73f936514d78d832ada12c968","\\anim\\assets\\rtb_station_part_manufacturer\\Part_Manufacturer_anim.bytes":"a4cf24353783ae549c88f74dc74cf38614e3b89d1f8b8b18fb777eddc604403c","\\anim\\assets\\rtb_station_part_manufacturer\\Part_Manufacturer_build.bytes":"4c7f71c4d4c8081fd72baf5a63066cafb14da5e53c47c8934ecfc01f013ad10a","\\anim\\assets\\unobtaniumalloy\\unobtaniumalloy_0.png":"c6b7cda0108fb25721e5d33f0c7c0c73dcf62ee6fbadff5025a7ec6bdfdd54f2","\\anim\\assets\\unobtaniumalloy\\unobtaniumalloy_anim.bytes":"2ea94dc9d0506d431cf6f2399ad0f7d0105558c2767997928e057bf4726f2704","\\anim\\assets\\unobtaniumalloy\\unobtaniumalloy_build.bytes":"2f8b65b7728be3b56143b10db8bb010e66adf783566b6785e143f82abaf2e92c","\\anim\\assets\\unobtaniumdust\\unobtaniumdust_0.png":"6246120d5db531acab2e1d988f842dcefb95b7cd3803c3430addf1027e6e35a0","\\anim\\assets\\unobtaniumdust\\unobtaniumdust_anim.bytes":"54f65283cdd276c911400526b2e0c2f2052c0432dcc6898c61aefaf2c999b381","\\anim\\assets\\unobtaniumdust\\unobtaniumdust_build.bytes":"aa469c967addf88dd8ad4de7391227da696bc719efefbef29f79fc27004f9c85","\\anim\\entities\\rtb_poi_solar_panel\\poi_solarpanel_0.png":"42ddc53b78b06b84488dc70291f091c3cec3b3bf51ad4c4b317cb783a7bb8a7d","\\anim\\entities\\rtb_poi_solar_panel\\poi_solarpanel_anim.bytes":"608dea36d9bc187468d2c8e042d20d9c1c37007a507c13d3589afbc3ccf500d2","\\anim\\entities\\rtb_poi_solar_panel\\poi_solarpanel_build.bytes":"c39bacad51f4676f504885cb33581db0216723bbab0b4168f5b6fb401ea48f79","\\anim\\entities\\rtb_rocketexhaustindicator\\marker_exhaust_0.png":"bf257f2ba284e796f4508630d0f4321c7d4b35a850794c3bdbb07412c63f7cfc","\\anim\\entities\\rtb_rocketexhaustindicator\\marker_exhaust_anim.bytes":"04892ddf631f241898c776ddef392a79acf6713d098be9aaa29a078a03eb8376","\\anim\\entities\\rtb_rocketexhaustindicator\\marker_exhaust_build.bytes":"6632a0d2b7595935f0f1550b70e16d92ae5a1b1c61cc7ea0b3d77f61efd2c86a","\\anim\\interacts\\anim_interacts_temporal_tear_analyzer_mod\\anim_interacts_temporal_tear_analyzer_mod_0.png":"e3b0c44298fc1c149afbf4c8996fb92427ae41e4649b934ca495991b7852b855","\\anim\\interacts\\anim_interacts_temporal_tear_analyzer_mod\\anim_interacts_temporal_tear_analyzer_mod_anim.bytes":"1118eb766104a18cf7a72db62ac8aebfc16ff873c99106afe663acb37ddc2154","\\anim\\interacts\\anim_interacts_temporal_tear_analyzer_mod\\anim_interacts_temporal_tear_analyzer_mod_build.bytes":"e3b0c44298fc1c149afbf4c8996fb92427ae41e4649b934ca495991b7852b855","\\anim\\rocket_modules\\coal_generator_module\\coal_generator_module.png":"9bbbda05c1c09572bf4789a5d3a34cc104b210435be725a75e00cb3f15095f38","\\anim\\rocket_modules\\coal_generator_module\\coal_generator_module_anim.bytes":"34df1986ac46b6dd8f6124d996273ccc7cef6e6896b8b9a9e20d6a474de9bd47","\\anim\\rocket_modules\\coal_generator_module\\coal_generator_module_build.bytes":"a79def5813f76af365cecbe476959f2f4cdddbf7b277ae8d3781ff855f787452","\\anim\\rocket_modules\\ion_thrus_module\\ion_thrus_module_0.png":"c113923a3aef6a57b8cbc5739727262924ec485f60838990619ad6e1da73daa1","\\anim\\rocket_modules\\ion_thrus_module\\ion_thrus_module_anim.bytes":"b64577c70fe4ae7208ef9378be18934dfe69a884d383df786860d5ec3f4dfa4a","\\anim\\rocket_modules\\ion_thrus_module\\ion_thrus_module_build.bytes":"ab112d0da6048a8e55b3782827a83ce6ba79bb926e44247834ccf5d83ed8f4aa","\\anim\\rocket_modules\\landing_gear_module\\landing_gear_module_0.png":"cdb94bb01f2f4c65d419fbdaba05bd23cccde86a053780ecc01046746ce4eab0","\\anim\\rocket_modules\\landing_gear_module\\landing_gear_module_anim.bytes":"8394e05643b31028ec95f974b0a3b99234d9dbdd8fa3ef0701d0497201af3f28","\\anim\\rocket_modules\\landing_gear_module\\landing_gear_module_build.bytes":"2168cabe7efa5284d971bf7c9594299c04eeed7388f648ea3ef44b752bce9e13","\\anim\\rocket_modules\\liquid_chlorine_oxidizer\\liquid_chlorine_oxidizer_0.png":"75687e61526fa1ffc81327ca0c5d36f96a768fd7910707e2cb505cf6c23d6f17","\\anim\\rocket_modules\\liquid_chlorine_oxidizer\\liquid_chlorine_oxidizer_anim.bytes":"7cc790f2ec9c04e725a7d742e22c62130b57081ed98b4529f7ec7de39ce9dea1","\\anim\\rocket_modules\\liquid_chlorine_oxidizer\\liquid_chlorine_oxidizer_build.bytes":"64fdf25aeea785c8780c615e753fc54c33cd8cac3d07d73159d0040122d6feae","\\anim\\rocket_modules\\radbolt_battery_module\\radbolt_battery_module.png":"722eb5efb358f03d27b282b081dc5a5e6cd00624fc6a7bcec1a633ca6d5838e9","\\anim\\rocket_modules\\radbolt_battery_module\\radbolt_battery_module_anim.bytes":"2e590d98c4c11295f69a50f32721e618775bd07f99d870a4b32b6c25f875f91e","\\anim\\rocket_modules\\radbolt_battery_module\\radbolt_battery_module_build.bytes":"dc1ac80a7b229974c6e7f0572e9c974559d7e5b6658b1837c23c423636c76d41","\\anim\\rocket_modules\\rocket_battery_pack\\rocket_battery_pack_0.png":"37acde8b06330aacd968201bf131996343843c8df6c1338777e1b834284fdeba","\\anim\\rocket_modules\\rocket_battery_pack\\rocket_battery_pack_anim.bytes":"f46d0717a31635870e44ab7c2ae1149bf67e8c1de080e1eb6b12fc0bb3954fd2","\\anim\\rocket_modules\\rocket_battery_pack\\rocket_battery_pack_build.bytes":"44a68a50cf8361b9ecaab93bfe93d3dfed4f05ad8dfc88a9ced5b82a35cb3c53","\\anim\\rocket_modules\\rocket_battery_pack_small\\rocket_battery_pack_small_0.png":"575dc05de6d28f0a01e2dafb7ad3e28a48a92510cc7bf3d27c14c3757a903d32","\\anim\\rocket_modules\\rocket_battery_pack_small\\rocket_battery_pack_small_anim.bytes":"69364bc684385bb57f4215e5b128224001f84047fbe3aa12d3d708a9ae97dd48","\\anim\\rocket_modules\\rocket_battery_pack_small\\rocket_battery_pack_small_build.bytes":"c7570bee40be9da6d8c2cde8edfc3e73ce8e9f3034719cbfd6b41f5b5a9ac2f2","\\anim\\rocket_modules\\rocket_cluster_liquid_fuel_tank_small\\rocket_cluster_liquid_fuel_tank_small_0.png":"03582301269f7506ca8a22caec16db5f298a961ebce41d09c48a5e70ea68d421","\\anim\\rocket_modules\\rocket_cluster_liquid_fuel_tank_small\\rocket_cluster_liquid_fuel_tank_small_anim.bytes":"aeed8475e6dac8dfac7f89602475b243447795a16d04df1a533619169af5802a","\\anim\\rocket_modules\\rocket_cluster_liquid_fuel_tank_small\\rocket_cluster_liquid_fuel_tank_small_build.bytes":"cbf091a613979aaeb5604275ba8b3cc2d10ff3ff09e5b3b48c988953f7a4a4f5","\\anim\\rocket_modules\\rocket_cluster_oxidizer_tank_liquid\\rocket_cluster_oxidizer_tank_liquid_0.png":"ac397df2bffd6bc7136aabe759a9e3c34cc2d85480f3d7017a58b07992004f98","\\anim\\rocket_modules\\rocket_cluster_oxidizer_tank_liquid\\rocket_cluster_oxidizer_tank_liquid_anim.bytes":"a2424b44446ae86b2690b83b77662b527ee76c4aa989a9e3d827a7fe821e4dd8","\\anim\\rocket_modules\\rocket_cluster_oxidizer_tank_liquid\\rocket_cluster_oxidizer_tank_liquid_build.bytes":"f0c4b01732a6c970e1ed5e66c919a7f73e082e880d40ed8f90e3d87080c2f4c4","\\anim\\rocket_modules\\rocket_cluster_storage_gas_large\\rocket_cluster_storage_gas_large_0.png":"8c44ad211c69dbb628f783c0c74a7aad6ca978a442259d4fb9dda0fe63ca3e1c","\\anim\\rocket_modules\\rocket_cluster_storage_gas_large\\rocket_cluster_storage_gas_large_anim.bytes":"075535946ae85b8c6f68a484f6b16f668711bca1f0e2cb27e9f75c1c3d5938a6","\\anim\\rocket_modules\\rocket_cluster_storage_gas_large\\rocket_cluster_storage_gas_large_build.bytes":"7e003430ec14baf74094e65b8df1448257b2ab49db7fe963752e4ddb401681aa","\\anim\\rocket_modules\\rocket_cluster_storage_liquid_large\\rocket_cluster_storage_liquid_large_0.png":"2e5a58c3c63e1bf1b0e32616230a83a2aaa9e81221bf07a18fa7b01f5867a788","\\anim\\rocket_modules\\rocket_cluster_storage_liquid_large\\rocket_cluster_storage_liquid_large_anim.bytes":"fcabab567c4788df735f1eac19f96ca8788b49570e45980745467efb3409232c","\\anim\\rocket_modules\\rocket_cluster_storage_liquid_large\\rocket_cluster_storage_liquid_large_build.bytes":"74377029005cea3c2aa723bf1985fcf6dc8b5d7c263459044cee2cff8cec40d8","\\anim\\rocket_modules\\rocket_cluster_storage_solid_large\\rocket_cluster_storage_solid_large_0.png":"8a2cd3258aef5325af0e756a314230586a6c7a6c7332cfe1714e5e010185bb70","\\anim\\rocket_modules\\rocket_cluster_storage_solid_large\\rocket_cluster_storage_solid_large_anim.bytes":"d54faf92c3cd196e9681113cee6360511d45c601f08a1427697707ad3db9c787","\\anim\\rocket_modules\\rocket_cluster_storage_solid_large\\rocket_cluster_storage_solid_large_build.bytes":"7afad4c47b7cb29e059122e649553bc3a5963bf83ceacacd716676c1724c3d69","\\anim\\rocket_modules\\rocket_co2_tank\\rocket_co2_tank_0.png":"38b9f2aa079e24a7a910fa4ed95cd63ac75a806a5a3a66bc764c30970bf6094e","\\anim\\rocket_modules\\rocket_co2_tank\\rocket_co2_tank_anim.bytes":"913bbedcd8f48c0fc60b8d216446b22a796899c84975bcff82608928a3551445","\\anim\\rocket_modules\\rocket_co2_tank\\rocket_co2_tank_build.bytes":"51915629bd68c3ab0314acb32ac7a1012e5e3c075ec01f48bee10efcc189ae09","\\anim\\rocket_modules\\rocket_drillcone_cargo_bay\\rocket_drillcone_cargo_bay_0.png":"c11010bed4d6bd179434355054eb3444549f0789cf7ce24b9557891e0af88c2e","\\anim\\rocket_modules\\rocket_drillcone_cargo_bay\\rocket_drillcone_cargo_bay_anim.bytes":"8a1a3b02e03f35410da98223d3ed33e0d62bae756b76d5947ad5c5a6f4f4f434","\\anim\\rocket_modules\\rocket_drillcone_cargo_bay\\rocket_drillcone_cargo_bay_build.bytes":"047a1c9c291d650d91f427645936bfe4def65f3a90c41893dd12d018dc8c4664","\\anim\\rocket_modules\\rocket_habitat_medium_module_extended\\rocket_habitat_medium_module_extended.png":"26808e1d5a31072e54cdf965fa738c32bb415dd224ca91eff1c107352bfe38e4","\\anim\\rocket_modules\\rocket_habitat_medium_module_extended\\rocket_habitat_medium_module_extended_anim.bytes":"3664b072e4ded41f3ba44165131889813706ecc81674615eb6809980782e3951","\\anim\\rocket_modules\\rocket_habitat_medium_module_extended\\rocket_habitat_medium_module_extended_build.bytes":"c76e8ab21dfa8d9242a72d242afcdfac593d2d83a648fe88bea0ed2a9067d249","\\anim\\rocket_modules\\rocket_habitat_plated_nosecone\\rocket_habitat_plated_nosecone_0.png":"760cde756558b9e65cbe51a0a91f93046c9ea11b5321be65a0b4ecfa629c7ad7","\\anim\\rocket_modules\\rocket_habitat_plated_nosecone\\rocket_habitat_plated_nosecone_anim.bytes":"6ea4f20bea5ed60fe77b796ed673e35b06becaaf7220064e49edc206dfdbc328","\\anim\\rocket_modules\\rocket_habitat_plated_nosecone\\rocket_habitat_plated_nosecone_build.bytes":"2043438cfb9caf4a882008f984633cd619102948a93b59bea1e25200724be480","\\anim\\rocket_modules\\rocket_habitat_stargazer\\rocket_habitat_stargazer.png":"24765d8f98c9c436f8102984100b5166b844c6b5494109946afacdaf65f7e444","\\anim\\rocket_modules\\rocket_habitat_stargazer\\rocket_habitat_stargazer_anim.bytes":"238e15b714f0a2a02e17a44d6ba289a6c7d04d6b0ec35b7297a56a73125704a1","\\anim\\rocket_modules\\rocket_habitat_stargazer\\rocket_habitat_stargazer_build.bytes":"88fbe4c5d405ba02c5778733e9581b7db2754e99c98f045c0c2bac0ea7827d39","\\anim\\rocket_modules\\rocket_natgas_engine\\rocket_natgas_engine_0.png":"e76c5dd3efb8f0bc71f83bf01bdb6e01f6d4a6de7806e2a2922bd26e52114978","\\anim\\rocket_modules\\rocket_natgas_engine\\rocket_natgas_engine_anim.bytes":"506385fc5a15df6b5dbfd42ee85aaa5861ea2e63efd27b1b93fd298b0019984d","\\anim\\rocket_modules\\rocket_natgas_engine\\rocket_natgas_engine_build.bytes":"98d357f7926c120a0587a4067b7ab1420929fe9a1c847ec7a29bd54bc9ca0a7f","\\anim\\rocket_modules\\rocket_nosecone_laser_harvest\\rocket_nosecone_laser_harvest.png":"0889bfefeaefd0406e956aa852539072033d711bf2cd5f10c3f20c64bff2c739","\\anim\\rocket_modules\\rocket_nosecone_laser_harvest\\rocket_nosecone_laser_harvest_anim.bytes":"27fe38bc42807d8f30e3910c6cdc1a8529a78a7c4a0a96ecd387626e91c06d1b","\\anim\\rocket_modules\\rocket_nosecone_laser_harvest\\rocket_nosecone_laser_harvest_build.bytes":"544e8d30862601c8de50b24cd8bbdd8e817adf838f322240ee73a74ab1a5e85b","\\anim\\rocket_modules\\rocket_nosecone_small_extended\\rocket_nosecone_small_extended.png":"fc3462ea6a04d6731efddb563276e3a54c2660e708dfc4e6567debf57fe8f329","\\anim\\rocket_modules\\rocket_nosecone_small_extended\\rocket_nosecone_small_extended_anim.bytes":"5d3433c99f69c7724ad67a4d2858bc33bb857fc70d8915d4d7fa62e797d30afb","\\anim\\rocket_modules\\rocket_nosecone_small_extended\\rocket_nosecone_small_extended_build.bytes":"12bf8919a09c8b2304676e835db2b70d037daca3a64b3f3375b9a6537871abd0","\\anim\\rocket_modules\\rocket_nosecone_solar\\rocket_nosecone_solar.png":"43ebe00f94a2a438620624b0ac82eb507182a14b80f93daa45d2c08ad6dcf1dd","\\anim\\rocket_modules\\rocket_nosecone_solar\\rocket_nosecone_solar_anim.bytes":"2523921fcdd8bbbc18eba101fa556a0147f67f1de92cabdf22b05e19f8fea605","\\anim\\rocket_modules\\rocket_nosecone_solar\\rocket_nosecone_solar_build.bytes":"74032d609e99f4769f767eee76c7e56c1ee0932c22ccb4170d230991dc2478b8","\\anim\\rocket_modules\\rocket_oxidizer_tank_small\\rocket_oxidizer_tank_small_0.png":"2fa5c76f9cf9d2f4fc2cd564e328d2df09ff9a2a9d8f7af6838791b4e8217129","\\anim\\rocket_modules\\rocket_oxidizer_tank_small\\rocket_oxidizer_tank_small_anim.bytes":"c1e294f9dc06104f9c49bf6f46d1148bcd759e6bd71f415d89e1ca3d201b4f00","\\anim\\rocket_modules\\rocket_oxidizer_tank_small\\rocket_oxidizer_tank_small_build.bytes":"15d544c2b6734a08b610aa456435651df3101298982031689d74132067585b29","\\anim\\rocket_modules\\rocket_solar_panel_module_wide\\rocket_solar_panel_module_wide_0.png":"09e8e5443d71428bc1865576a0795b2152e08b1cd34aa627dddb8f6ff11d4a0f","\\anim\\rocket_modules\\rocket_solar_panel_module_wide\\rocket_solar_panel_module_wide_anim.bytes":"0c7c6fab1d2e3facd49c968600da8f9844c3b727c384013eb3d4f070e7924f20","\\anim\\rocket_modules\\rocket_solar_panel_module_wide\\rocket_solar_panel_module_wide_build.bytes":"18084740e067b8f9ae3073bcd6a6525ef1cf1a70bd177164d6a120086bdc8e95","\\anim\\rocket_modules\\rtg_module\\rtg_module.png":"0bc00603de259bb24ec9376cb4fbe153b554070979e7ef73437e1623e75ebd7c","\\anim\\rocket_modules\\rtg_module\\rtg_module_anim.bytes":"6c0d758b5893570b958f4890402eb06d48e4a20bfe191cc10582f994b4a7198c","\\anim\\rocket_modules\\rtg_module\\rtg_module_build.bytes":"ef89f242c52dd2f6f4f3cd7f1d414f580e3d7a08dfd1c162f40e82356d48c915","\\anim\\rocket_modules\\space_station_constructor_module\\space_station_constructor_module_0.png":"e9846105910adbe65bbba57a8deca645e46a4079ef25d3446cd7c0d81f932890","\\anim\\rocket_modules\\space_station_constructor_module\\space_station_constructor_module_anim.bytes":"fb860d67eb2a216821c74a26e6c5a7c8cba9a95ddec52732c8f80434a9fc5a9f","\\anim\\rocket_modules\\space_station_constructor_module\\space_station_constructor_module_build.bytes":"72699b1c7d6b717859921448fa0c2958ee4748832c4c7f641645ecba423aacac","\\anim\\rocket_modules\\steam_generator_module\\steam_generator_module_0.png":"22b8b12dcdaa9277d23149e2c2135c5fcb2e721f35afda288a18a83e8cfb346a","\\anim\\rocket_modules\\steam_generator_module\\steam_generator_module_anim.bytes":"76b51b5cece8596542fdef8542208cffe94aca1a37cd0a0c1d336e4fa2b12067","\\anim\\rocket_modules\\steam_generator_module\\steam_generator_module_build.bytes":"a57769eafbd7ad5735beaa6d35e6a0bec1c4a318e320060bb46c4232dc27b169","\\anim\\rocket_port_buildings\\conduit_link_cross\\conduit_link_cross_0.png":"73d7eaba24d93d780c54a4f7aaadf28c51e5e746791dfebf3e89c79edc78acc9","\\anim\\rocket_port_buildings\\conduit_link_cross\\conduit_link_cross_anim.bytes":"fa6da843128d256d113befdf7e13cda6b7aece8a993e987ea583875c1e2e1e40","\\anim\\rocket_port_buildings\\conduit_link_cross\\conduit_link_cross_build.bytes":"075c371d260e05ed104d5be5b76c5085cb0af3f2fbaa39b886c7ea8784cb31f6","\\anim\\rocket_port_buildings\\conduit_link_piece\\scml\\adapterpiece_0.png":"c1940f9277eecd84b7b1d13a911ecbe22456ec6ca1ad97ce1f7803cb8e7dcd0d","\\anim\\rocket_port_buildings\\conduit_link_piece\\scml\\base_0.png":"c1dfceb4b0d84b820ba39468dd5f28af6b4778d2309f381582d6fbecd3fca2fe","\\anim\\rocket_port_buildings\\conduit_link_piece\\scml\\bridgepiece.autosave.scml":"4f9970f099c541d5c8fffdb5b205edede3e6f246923df19b3f11d6972a0801f5","\\anim\\rocket_port_buildings\\conduit_link_piece\\scml\\bridgepiece.scml":"43842adeafca54e5adc91a7f8de2ac00960f86c633576301dd35432132464feb","\\anim\\rocket_port_buildings\\conduit_link_piece\\scml\\farmTileRotating.autosave.scml":"19ca29b56076dd870013ca46a7c8613ba02a89d026739bf366f8f9febd9710df","\\anim\\rocket_port_buildings\\conduit_link_piece\\scml\\farmTileRotating.scml":"19ca29b56076dd870013ca46a7c8613ba02a89d026739bf366f8f9febd9710df","\\anim\\rocket_port_buildings\\conduit_link_piece\\scml\\place_0.png":"e94d5784fdfbc847e1a2cdefc859b419df791f0c591f625051cc1b87efc14abf","\\anim\\rocket_port_buildings\\conduit_link_piece\\scml\\sup_bottom_0.png":"ace0701f27521d7eb8a869e650a4dc856c67e777484d54804bf832ddd49b4303","\\anim\\rocket_port_buildings\\conduit_link_piece\\scml\\ui_0.png":"690ab88af670bf6afda1938a004a4655410237cf2c14b989397dfe07a2a6a432","\\anim\\rocket_port_buildings\\conduit_link_piece\\conduit_link_piece_0.png":"f5277a28ee2a28b0a4c54a4a991d3f91f3fd0c063ec0daedb13c5f3ded69f589","\\anim\\rocket_port_buildings\\conduit_link_piece\\conduit_link_piece_anim.bytes":"38d63f67e89bdb0551d82aea2b6cb3318beb11e161640d0cb030c5c30bb0be27","\\anim\\rocket_port_buildings\\conduit_link_piece\\conduit_link_piece_build.bytes":"aa1466defcf3f31ca308625303bf0a673eda06732e1deba5e2d94be3a12c020a","\\anim\\rocket_port_buildings\\fuel_loader_fuel\\fuel_loader_fuel_0.png":"76a3a878eb478cb8c1d6d6390845627782731b043c6551fb4d0dfa79d24b8454","\\anim\\rocket_port_buildings\\fuel_loader_fuel\\fuel_loader_fuel_anim.bytes":"d39143a5f878d6ab76fe77317f3eef02da5fa95cc52c9f60159919e8d6fdda7d","\\anim\\rocket_port_buildings\\fuel_loader_fuel\\fuel_loader_fuel_build.bytes":"0bcb580d2845f508501486db326e73df8e03d0c0a79fa0f4482856d3dd68dbe0","\\anim\\rocket_port_buildings\\fuel_loader_hep\\fuel_loader_hep_0.png":"47cf67ebd632c892b2f30d53c1d4d33c5144e661cefa91156f21f136effef761","\\anim\\rocket_port_buildings\\fuel_loader_hep\\fuel_loader_hep_anim.bytes":"3f0ba78b3060f47ba74aa242d8b72a0c516f2fe939640636d4bf1b51ef3213a7","\\anim\\rocket_port_buildings\\fuel_loader_hep\\fuel_loader_hep_build.bytes":"ff4a9e8abacb7114a6c9e852d0df473ac863fbb9ac83cbd807be272fefed125d","\\anim\\rocket_port_buildings\\fuel_loader_oxidizer\\fuel_loader_oxidizer_0.png":"88e3ba898535357919ba1b5f7156194bd75e600670da7ed90cfa67f88931c94e","\\anim\\rocket_port_buildings\\fuel_loader_oxidizer\\fuel_loader_oxidizer_anim.bytes":"d39143a5f878d6ab76fe77317f3eef02da5fa95cc52c9f60159919e8d6fdda7d","\\anim\\rocket_port_buildings\\fuel_loader_oxidizer\\fuel_loader_oxidizer_build.bytes":"8888bb81603cc0cfd3299c164860ecbf1ba194eebb707e029b12b43893499f30","\\anim\\rocket_port_buildings\\rocket_advanced_launchpad_tower\\rocket_advanced_launchpad_tower.png":"a200654d73d02f68ef96dcaf9ae76c71b7ecf5afa8a541ac4aebaef9e2374f54","\\anim\\rocket_port_buildings\\rocket_advanced_launchpad_tower\\rocket_advanced_launchpad_tower_anim.bytes":"5c028cf8b0210da83099f0a1f6f149b077bcae244739ec3966c9fcbb3dbd101d","\\anim\\rocket_port_buildings\\rocket_advanced_launchpad_tower\\rocket_advanced_launchpad_tower_build.bytes":"4129068851fe3e19058b04f1b58388520740bd272e3587fd8df9f1b670c39822","\\anim\\rocket_port_buildings\\rocket_launchpad\\rocket_launchpad_0.png":"deaf989947166b35c9af77307fab98c3cc66636cba97c72fdac8956de8a90431","\\anim\\rocket_port_buildings\\rocket_launchpad\\rocket_launchpad_anim.bytes":"fd71c2b3c4f32f3ca63f652ecafd9e13ead588783d64cd7b7cc69d297185a872","\\anim\\rocket_port_buildings\\rocket_launchpad\\rocket_launchpad_build.bytes":"0d906d0a0f4f8641728f906884b392390da2fb5aa00b243d747a2dc961302e2a","\\anim\\rocket_port_buildings\\rocket_launchpad_advanced\\rocket_launchpad_0.png":"5484d8f317cb4cb190dcfeea9db6c622c0baf8c7aa55f16dd39d8b388ae502ac","\\anim\\rocket_port_buildings\\rocket_launchpad_advanced\\rocket_launchpad_anim.bytes":"ed8feeab6323ef144695bcb2bb2732f94eb2278fbfc751d7aaca68edc9695163","\\anim\\rocket_port_buildings\\rocket_launchpad_advanced\\rocket_launchpad_build.bytes":"9261c6b6737bf2520e796d3be2bdabb3db71b59e5c2b558a62c5331497f1b1d1","\\anim\\rocket_port_buildings\\rocket_launchpad_bunker\\rocket_launchpad_bunker_0.png":"a609e8f137e67c7f9a1c805a08213539a0b0bce3953dcf64b4eb5b65c5b0d63d","\\anim\\rocket_port_buildings\\rocket_launchpad_bunker\\rocket_launchpad_bunker_anim.bytes":"f7dbc5d01cb65488d9c84e4937b145cb24e716e792b4c5cd6f527cd9ede7d082","\\anim\\rocket_port_buildings\\rocket_launchpad_bunker\\rocket_launchpad_bunker_build.bytes":"765e7be7bfb4b25a1f706b1164374c3d2eaca1a533f082f2167cd80f6ec39c13","\\anim\\rocket_port_buildings\\rocket_loader_extension_bunker\\rocket_loader_extension_bunker_0.png":"2067af0a6fb94a33ef2ef00680f98b5d264c2406e7e0f2035ea39534bf004b97","\\anim\\rocket_port_buildings\\rocket_loader_extension_bunker\\rocket_loader_extension_bunker_anim.bytes":"354e6005874af7c8c8560204805ca18a24ef2347b529a466705d8c79599f1f90","\\anim\\rocket_port_buildings\\rocket_loader_extension_bunker\\rocket_loader_extension_bunker_build.bytes":"e5e9f4e77945c4a210645c081655aa65afdf9d827c0176381fdec3d805dc3194","\\anim\\rocket_port_buildings\\rocket_loader_extension_insulated\\rocket_loader_extension_insulated_0.png":"ba3a8599ff0fe8e64845f54e64d552d2c3e2d11c86625dddd5bf3c48000e24f7","\\anim\\rocket_port_buildings\\rocket_loader_extension_insulated\\rocket_loader_extension_insulated_anim.bytes":"2217107dc030a05abbf807a44910d6cea606651f6f0c874a6aba0448d0b21b73","\\anim\\rocket_port_buildings\\rocket_loader_extension_insulated\\rocket_loader_extension_insulated_build.bytes":"b39290bee9a7d59b2990c1351baa84a2b34539b9614349c42b2c30d5ee1e3760","\\anim\\rocket_port_buildings\\rocket_loader_extension_ladder\\loader_ladder_adapter_tile_0.png":"0400036f82b48d06198768ba51472ceddcd7b7d260f6a1d3b6398ef9339fae3e","\\anim\\rocket_port_buildings\\rocket_loader_extension_ladder\\loader_ladder_adapter_tile_anim.bytes":"2e3d11ae0071687813cd8c11d7a7cd10ef2dd8a92c20ed5562a23ab914939585","\\anim\\rocket_port_buildings\\rocket_loader_extension_ladder\\loader_ladder_adapter_tile_build.bytes":"87d7d4e288cab9a3270d4a2c0926b9261a725e0e9f1730219bf246e25dea3725","\\anim\\space_station_stuff\\space_station_docking_door\\space_station_docking_door_0.png":"eaaa8ebb16b47bb453556fca594ffe5327b9d6bb93d20ab669a22605d7be1b17","\\anim\\space_station_stuff\\space_station_docking_door\\space_station_docking_door_anim.bytes":"0671e0bb022e88b770abbd4a1bf5367bf5003e17abfee58479288163f0d6e347","\\anim\\space_station_stuff\\space_station_docking_door\\space_station_docking_door_build.bytes":"d53f681218928ffab2a3ac1f7390ae7cdb34d6265b46e73054998643cd737024","\\anim\\space_station_stuff\\space_station_large\\space_station_large_0.png":"46b0182b067bd984de2424ab8ed0fbbd2c316efec56f9692b635377323facd24","\\anim\\space_station_stuff\\space_station_large\\space_station_large_anim.bytes":"04d0a99a085518981c07ff980559c9bb4edb9652762d35bb583ca7a39e6293db","\\anim\\space_station_stuff\\space_station_large\\space_station_large_build.bytes":"50aa7ce3d335d17397fc0edc58a305e76be563fc5ef93798b5b5b3af39f8c0d9","\\anim\\space_station_stuff\\space_station_medium\\space_station_medium_0.png":"26c6256baac8ea92ecf201e491fabdb3feaf677e04e6a447e4c9206af315fbf9","\\anim\\space_station_stuff\\space_station_medium\\space_station_medium_anim.bytes":"cfbb554226fa876ed73de39d31d4e5812e1b88b667f27753a925b8d299fb75e2","\\anim\\space_station_stuff\\space_station_medium\\space_station_medium_build.bytes":"3af36be371b3abc2232de8f0cbed4d830b9589d79bf5d201c40119f39fb0372e","\\anim\\space_station_stuff\\space_station_research_unlocked\\space_station_research_unlocked_0.png":"7a791dfdc9ad8e33f665c31bb93723837632bcadffdb18bd098e9eb368beaa26","\\anim\\space_station_stuff\\space_station_research_unlocked\\space_station_research_unlocked_anim.bytes":"f4383e164288955b243dd1c205eaf6309a817c7fc522b7a06c3f719b755f7da6","\\anim\\space_station_stuff\\space_station_research_unlocked\\space_station_research_unlocked_build.bytes":"f56671c5a4e6076b9efde65709c7d62a0a1f25e0fd7927b0fdb354693ea336a5","\\anim\\space_station_stuff\\space_station_small\\space_station_small_0.png":"9a6e99bfff6c07a6e69faff3595dc5f755be2ae0036ff37a28cf28a652a11aa7","\\anim\\space_station_stuff\\space_station_small\\space_station_small_anim.bytes":"890f28d16b01f768e09372c36693c96ddf6b364070d7e8ce191264cb9a07ec44","\\anim\\space_station_stuff\\space_station_small\\space_station_small_build.bytes":"fbd48ebfc4c7a6a73c7b8cdebba4e69714ad605deb9a8e3a5f798eef8f700b1f","\\anim\\standalone_buildings\\fridge_interface\\fridge_interface_0.png":"716b94d0db45c3b5636974631e93078eccbcb1052aef1a84f558de835114ea4f","\\anim\\standalone_buildings\\fridge_interface\\fridge_interface_anim.bytes":"c2e9c3f57f0d41e92bb57f4f7c9ddf47e558d631340c03678bf73bc8b9595ecb","\\anim\\standalone_buildings\\fridge_interface\\fridge_interface_build.bytes":"78d23cb7d8d86219a3d3b67970e33500836e7ef7d774385e2ecc9b377221b32f","\\anim\\standalone_buildings\\ladder_reinforced\\ladder_truss_0.png":"956ac725f3531e5804ab671274ca30e1ee8fa44472d599270be47dbb61078e9d","\\anim\\standalone_buildings\\ladder_reinforced\\ladder_truss_anim.bytes":"dfbc4ddb4a16f063d76328ba58cbda39418c8571aea9e4ee7ae3a1a5825f1682","\\anim\\standalone_buildings\\ladder_reinforced\\ladder_truss_build.bytes":"e59265fb76298b0dba48bb3b74456a26062d36598103d07123b79f8fa66924b2","\\anim\\standalone_buildings\\poi_capacity_scanner\\poi_capacity_scanner_0.png":"46ffc6211cd4bfbb4eb7183d7098f4f4dec17f3733322be13a136ce2fe3ea33b","\\anim\\standalone_buildings\\poi_capacity_scanner\\poi_capacity_scanner_anim.bytes":"a7de234d7236ddaa5e047bdb968e84f39dbfba76059bf911864d443d5ebc9006","\\anim\\standalone_buildings\\poi_capacity_scanner\\poi_capacity_scanner_build.bytes":"0c24d24d0a01c3e47ae87177a91892b05c42fae40ac12aa0224d03df8a676ba8","\\anim\\standalone_buildings\\rocket_logic_checklist_sender\\rocket_logic_checklist_sender_0.png":"d19ca4d18fcb14db7041fc3281d98566ff4b91849ee70006dd06c41df0493df5","\\anim\\standalone_buildings\\rocket_logic_checklist_sender\\rocket_logic_checklist_sender_anim.bytes":"c2da8a64c96d19a0133599a86fcca33b7c155542b51a380bb0d15509842c8aad","\\anim\\standalone_buildings\\rocket_logic_checklist_sender\\rocket_logic_checklist_sender_build.bytes":"23fc6e184b8a344821f79b8218926e196624b1a6d6ae1431a0d616ab34013345","\\anim\\standalone_buildings\\rtb_docking_tube\\rtb_docking_tube_0.png":"ee56ed22a7e1864277fe86a09f1111505193c8665218f83be2752c2c63e901b2","\\anim\\standalone_buildings\\rtb_docking_tube\\rtb_docking_tube_anim.bytes":"9f954f8f985f9860a4979616cfae8887c5478bcc99304351eb0db72f38b5ad67","\\anim\\standalone_buildings\\rtb_docking_tube\\rtb_docking_tube_build.bytes":"75406273fc8a6a940ddfc3c4281d3cc4be90be58aac5af9bb434b86a0b335d4a","\\assets\\linux\\rocketryexpanded_ui_assets":"44b1fa90d6a20b4c232349ed1866b730a02140b4732df41fc1f77dfd10f02bf2","\\assets\\mac\\rocketryexpanded_ui_assets":"19b12053f3a98976a080ffd1e116c575eaf82a107abda81c6ca3a5d80a4aaea1","\\assets\\textures\\spacestationforcefield.png":"82c2eaa2929283256141e7b5d822b3dacbab1f94d2ecba49b6ba6124af661cfb","\\assets\\textures\\unobtaniumalloy.png":"723d4aae8035be38c4499851e56be65d128867a11b9d359adec23ead808c94c8","\\assets\\textures\\unobtaniumalloy_spec.png":"c2283f4e89c054c9a8c50eed8d5e83c9fe78dd7590f0751959a13365f1c11916","\\assets\\textures\\unobtaniumdust.png":"c5cb61ae060df5675f9354dc6fb0a8e6ccd52331ca3f141e6a6c712e18ee2a44","\\assets\\windows\\rocketryexpanded_ui_assets":"686a0a8060d0e8e657de43343c3a10751b1d176c699c3bbd2823e5d6868b7ff2","\\assets\\research_type_deep_space_icon.png":"365039b62df2500bd220cb861e1ec419e8e8fd74214898fe907e93c4de7c8a02","\\assets\\research_type_deep_space_icon_unlock.png":"39e00548bd9806af6628ed329b2782cd233a52ebc0f5a377a6bd6d1a6c7d058f","\\assets\\RTB_CrashedUFOStoryTrait_icon.png":"f3c6d846501f799ee6a7d59fc9704a12730e3dab774f2218e186d96b18402976","\\assets\\RTB_CrashedUFOStoryTrait_image.png":"b1fd0fb47409b7631299de292d7ae31ebc470b81370cd5f20ee176266d81d11e","\\assets\\rtb_dlc_banner.png":"f267fa1e1fe810abead25369ee782b2d9fd784213ad9a792f374f78789d6182b","\\elements\\deep_space_elements.yaml":"22f1750eb82b26313ded949e20cc7c8569c3af788718adde642857771f5236e9","\\templates\\derelictInteriors\\ArtifactSpacePOI_GravitasSpaceStation4_RTB_DerelictInterior.yaml":"da07857262f8d9cb929d80e0f68b51676565bba77b01c416db2cf3e34a1482fc","\\templates\\derelictInteriors\\rtbresearchportal.yaml":"8db138fedd054a088d8aa64e80e576547d85da6b1b896034ed8d090717edb4f3","\\templates\\interiors\\emptySpacefor100.yaml":"0021a3348f2718b72f415bd4f3c1738bb0d37d20edae5a111ae91f167780941d","\\templates\\interiors\\emptySpaceStationPrefab.yaml":"c1cf56a4303645ec45aaca634ecf55a113e483a66c9d5afe4ce29f8c08c7dd77","\\templates\\interiors\\habitat_medium_compressed.yaml":"90c4f72833963c8d3433b891f48c57ddd994729fa0fef849965e64f8bb632619","\\templates\\interiors\\habitat_medium_expanded.yaml":"17e9e60fc0ab43314d093d63c204ea11197f4562f4643099f3bd4c172576b9df","\\templates\\interiors\\habitat_medium_stargazer.yaml":"6022b2811ca2acc5e0125f8a7f6b3cd106f1d90993f5732074afcb2a41b0f7df","\\templates\\interiors\\habitat_nosecone_plated.yaml":"1743ea436d7d738715dfb77aa43415ce5c4535e0693f7f80d86a4fc1049bd13c","\\templates\\interiors\\habitat_small_compressed.yaml":"ce8087f7131c733cd5824303ecbf8a9e7a07421017b762025e2fb9c869429a9e","\\templates\\interiors\\habitat_small_expanded.yaml":"5697985dcc256ba3bce66da082ea33376925e47b94b18155d1b0b45677a36045","\\templates\\interiors\\OrbitalSpaceStation.yaml":"f4248263c888c09be03e8b655ff4a2b048be0ee89d06995df17ce28790802876","\\translations\\es.po":"4902d7a66603886c15f3182808a16dc0545bd7d796f9af5bbbb4f28045e5c5d0","\\translations\\fr.po":"408441b1ca2a1a3371f9004de0f00a59948f8d8351ccc0fc26eca3a084807835","\\translations\\ko.po":"e7180b052ecca7a808d1640e241bd24a19bc0739ffd2548d7faf18e4072630b0","\\translations\\ru.po":"68bf078d8c99123c6e2d5564ef92b11da2379dff6b20bdc19133048bdef2cee8","\\translations\\zh.po":"c58e747d98fe7b40ce54bc0405f00d9da6b14eb106b14d1ca22c2650cd61690e","\\true_tiles_addon\\RTB_AlloyTiles\\textures\\neutronium_alloy_airflow_main.png":"19046f700a6997f1b2d4d2563da9a28381146b5a6de76218c8832550bfef9c49","\\true_tiles_addon\\RTB_AlloyTiles\\textures\\neutronium_alloy_airflow_top.png":"a1169feb3157d582c9a915f6ab2b1c32e76131874a317babd3eb2e1a965d380a","\\true_tiles_addon\\RTB_AlloyTiles\\textures\\neutronium_alloy_mesh_main.png":"c1be766ae083582aa8d9f6e6d43d7213ddd9a2970fedcf5d8286d2d7612d0806","\\true_tiles_addon\\RTB_AlloyTiles\\textures\\neutronium_alloy_mesh_spec.png":"c67958f38d3e1b81e82e3802c11f997e7bcf8859e3b266296628544ca166102e","\\true_tiles_addon\\RTB_AlloyTiles\\textures\\neutronium_alloy_mesh_top.png":"6c7ba1bbe2396d4c732954b943e7a1493abf121a0d5197e3d504a69d5486c924","\\true_tiles_addon\\RTB_AlloyTiles\\textures\\neutronium_alloy_metal_main.png":"2602f173c0013e1df2dd80f8c05cd20ccc05b8945d226dd7b9073e5de9a68288","\\true_tiles_addon\\RTB_AlloyTiles\\textures\\neutronium_alloy_metal_spec.png":"f0f953447d502d2d3d8df8548b6ef74172f056d696bcfe03007e58440026a622","\\true_tiles_addon\\RTB_AlloyTiles\\textures\\neutronium_alloy_metal_top.png":"14866cc27f06df365896e823ec8e452202e0b217a22f8d710cc73254d7df12b8","\\true_tiles_addon\\RTB_AlloyTiles\\icon.png":"6fd68ff519cc5f76b59dde0cc6e2df10d0ae38c7ddadd0c94189124e869f6f0a","\\true_tiles_addon\\RTB_AlloyTiles\\metadata.json":"9a4875f11ba8d4f4f7e862859c650cc527974a5fc3c3d4558fc18d2ed7fde6ad","\\true_tiles_addon\\RTB_AlloyTiles\\tiles.json":"74206abef913eaa35610e15307f40e546ecc0086073e0159d47595841c2f0cf2","\\worldgen\\storytraits\\RTB_CrashedUFOStoryTrait.yaml":"5f7449ca63784d8516bb7fb7e15403481ad4f1404acb7bce1bdcc9e159ad900f","\\LauncherMetadata.json":"994bbcf7a1506a996ab1dcb60fd35b27052c543c9678aa43eee2557c32398537","\\mod.yaml":"d270e93132c09ed6bf0aeae0dd179c7adf927bea7146f10394be00c7819c94e8","\\mod_info.yaml":"7c866b5b3262cc619d092d0e39e194a4299000ea695aac7a3b847799753b14ad","\\preview.png":"1891c996b7e46d372d453c480b5e163a4bd970b868d412af8ccc12d668649a4e","\\Rocketry Expanded.dll":"4b348ec6b6182d3dd5e44ee6475c6348ed7734fc3312ffefc9cb8c1d9589a30c","\\Rocketry Expanded.pdb":"62d44d836b6890d554365c3cfd6005cba430ffc89983e4ebe5e06c8af9530527"}}