{
  "M0NTY": {
    "Printable": true,
    "Model": "BionicMinion",
    "Name": "M0NTY",
    "Description": "Some clumsy Duplicant spilled Genetic Ooze on a Remote Controller; now, M0NTY exists.",
    "Gender": "NB",
    "StressTrait": "StressShocker",
    "JoyTrait": "RoboDancer",
    "HeadShape": "6",
    "Mouth": "6",
    "Neck": "6",
    "Eyes": "14",
    "Hair": "hair_none",
    "Body": "6",
    "Belt": "6",
    "Cuff": "6",
    "Foot": "6",
    "Hand": "6",
    "Pelvis": "6",
    "Leg": "6",
    "LegSkin": "1",
    "ArmSkin": "1"
  }
}